Name,Data,News,Evaluation
Bemis Company,02/05/2023,Bemis to Showcase Sustainable and Inclusive Bathroom Experience ...,still open
Bemis Company,02/05/2023,Dairy Products Packaging Market to Hit US$ 43.6 Billion by 2030 ...,still open
Bemis Company,02/05/2023,"Rigid Plastic Packaging Market Expected to Expand at a Steady 2023-2030 | Bemis Company, Amcor Limited, Silgan",still open
Bemis Company,02/05/2023,Continued testing at Bemis Public Library | Littletonindependent.net,still open
Bemis Company,02/05/2023,Round Bottom Sealed Bag Market To Grow Extensively At ...,still open
Bemis Company,02/05/2023,Amcor (AMCR) to Report Q2 Earnings: What's in the Offing?,still open
Bemis Company,02/05/2023,New Centennial entertainment venue combines sports and social life,still open
Bemis Company,02/05/2023,"﻿Sterile Medical Packaging Market Statistical Forecast, Trade ...",still open
Bemis Company,02/05/2023,﻿Retort Packaging Market 2022 key developmental strategies ...,still open
Bemis Company,02/05/2023,Flexible Packaging Market Report Status and Outlook 2022 ...,still open
Bemis Company,02/05/2023,Pouches Market 2023 In-Depth Analysis Of Competitive Landscape ...,still open
Bemis Company,02/05/2023,"Green Packaging Market Generated Opportunities, Future Scope ...",still open
Bemis Company,02/05/2023,Food Service Packaging Market to Witness Huge Growth by 2030 ...,still open
Bemis Company,02/05/2023,Beverage Packaging Market Size and Growth 2023 Detailed ...,still open
Bemis Company,02/05/2023,"Who Are the Oshkosh Corporation Leaders, Founders, and ...",still open
Bemis Company,02/05/2023,Active and Modified Atmosphere Packaging Market to create ...,still open
Bemis Company,02/05/2023,Thermoform Packaging Market Explores New Growth Opportunities ...,still open
Bemis Company,02/05/2023,Global Plastic Films Market 2022 Industry Demand Analysis with ...,still open
Bemis Company,02/05/2023,The Worldwide Slider Zipper Pouch Industry is Projected to Reach $25.3 Billion by 2031,still open
Bemis Company,02/05/2023,Global Food Packaging Tester Market Research Report 2022-2032,still open
Bemis Company,02/05/2023,"Active Intelligent Packaging Market Analysis, Key Company Profiles ...",still open
Bemis Company,02/05/2023,Global Paper Packaging Market to Surpass $290B by 2030 with ...,still open
Bemis Company,02/05/2023,Global Slider Zipper Pouch Market Report to 2031 - Featuring ...,still open
Bemis Company,02/05/2023,Wet Glued Labels Market Overview 2023-2029| Key Players –Avery ...,still open
Bemis Company,02/05/2023,Vacuum Plating Resin Market Booming Worldwide With Leading ...,still open
Bemis Company,02/05/2023,Food Service Packaging Market size was valued at USD 85 billion in ...,still open
Bemis Company,02/05/2023,Littleton says proactive testing led to discovery of meth ...,still open
Bemis Company,02/05/2023,"Listen: 1 year later, the history of the century-old Superior buildings ...",still open
Bemis Company,02/05/2023,Maureen Ryan Obituary (1959 - 2023),still open
Bemis Company,02/05/2023,"Peelable Coating Market Size, Share, Growth Statistics By Top Key ...",still open
Bemis Company,02/05/2023,"Bulk Packaging Market Industry by Size and Trends, Share, Sales by ...",still open
Bemis Company,02/05/2023,"Mobile Phone Connector Market Size And Forecast -Kuraray, Toray ...",still open
Bemis Company,02/05/2023,India Pharmaceutical Packaging Market is anticipated to witness a ...,still open
Bemis Company,02/05/2023,"Meat Poultry and Seafood Packaging Market Analysis, Key ...",still open
Bemis Company,02/05/2023,Blow Molded Containers Market Research Insights with Upcoming ...,still open
Bemis Company,02/05/2023,"Traffic watch: Road construction round-up for Washtenaw County, Feb. 5",still open
Bemis Company,02/05/2023,Worldwide High Barrier Films Market to reach US $ 45.83 Billion by 2029 - Comprehensive Research Report by Exa,still open
Bemis Company,02/05/2023,Next Generation Packaging Market Huge Growth in Future Scope ...,still open
Bemis Company,02/05/2023,Virginia A. (DuChateau) Gruselle Obituary,still open
Bemis Company,02/05/2023,"Spout Pouch Market 2022 Projections and Regional Outlook, Study ...",still open
Bemis Company,02/05/2023,Shrink Bundling Films Market rising Demand by rising technological ...,still open
Bemis Company,02/05/2023,Bemis Associates Announces Acquisition Of France-Based ...,still open
Bemis Company,02/05/2023,"Pet Food Packaging Market Growth Areas, Shares, Strategy | Key Players and Geographical Regions 2033",still open
Bemis Company,02/05/2023,Baby Portable Co-Sleeper Market is expected to reach a value of ...,still open
Bemis Company,02/05/2023,"Jimmy Bemis, Co-Founder, The Basketball Social House",still open
Bemis Company,02/05/2023,Grove Faucet by Bemis Advances the State of the Art in the Bathroom,still open
Bemis Company,02/05/2023,Global Flexible Packaging Market Report 2022 to 2030 - Featuring ...,still open
Bemis Company,02/05/2023,Bemis to lead sustainable bathroom experience at CES 2023,still open
Bemis Company,02/05/2023,Thermoformed Plastic Trays Market Biggest Innovation with Top Key ...,still open
Bemis Company,02/05/2023,"Bemis Launches Clean Shield 3"" Raised Toilet Seat with Personal ...",still open
Bemis Company,02/05/2023,"Sharps Containers Market: Players tapping Emerging Markets | EnviroTain, LLC, MAUSER Group, Daniel Healthcare",still open
Bemis Company,02/05/2023,"Child Resistant Packaging Market - 2023 by Manufacturers, Regions, Type and Application, Forecast to 2030",still open
Bemis Company,02/05/2023,Bathroom Products Global Market Report 2022 Featuring Kohler ...,still open
Bemis Company,02/05/2023,Amcor announces final acquisition of Bemis Company Inc.,still open
Bemis Company,02/05/2023,BEMIS Bidet attachment,still open
Bemis Company,02/05/2023,"Beauty and Personal Care Packaging Market Dynamics, Segments ...",still open
Bemis Company,02/05/2023,Neenah-based Bemis Co. sold in $6.8 billion deal,still open
Bemis Company,02/05/2023,"Bemis Company Announces Agreement with Starboard, Appoints ...",still open
Bemis Company,02/05/2023,"Bemis ordered to offer jobs back, make employees whole",still open
Bemis Company,02/05/2023,Blister Packaging Machinery Consumption Global Market Report 2022: Ukraine-Russia War Impact,still open
Bemis Company,02/05/2023,Bemis Company expected to maintain strong presence in state,still open
Bemis Company,02/05/2023,Bio Bidet Research: More Americans Planning DIY Projects,still open
Bemis Company,02/05/2023,The Holidays Are Coming - Update Your Guest Bath With an ...,still open
Bemis Company,02/05/2023,Douglas Dickey | Obituary | Ottumwa Daily Courier,still open
Bemis Company,02/05/2023,The global pharmaceutical packaging market is expected to grow at a CAGR of 4.65% during 2021-2027,still open
Bemis Company,02/05/2023,Ask Vance: Bemis Bag Company,still open
Bemis Company,02/05/2023,"Harvey Hill, 1935-2022 - The Vermont Journal & The Shopper",still open
Bemis Company,02/05/2023,"New London's Bemis, now part of Amcor, will layoff 70-110 employees.",still open
Bemis Company,02/05/2023,Industrial Packaging Global Market Report 2022,still open
Bemis Company,02/05/2023,Non-alcoholic Premix Bottled Cocktails Market is likely to expand US ...,still open
Bemis Company,02/05/2023,"Adhesive Tape Market Size [2022-2029] | Industry Growth, Share ...",still open
Bemis Company,02/05/2023,Vacuum Skin Packaging Market Biggest Innovation with Top Key ...,still open
Bemis Company,02/05/2023,BRIEF-Bemis Co reports actions to reduce cost structure,still open
Bemis Company,02/05/2023,"The Basketball Social House is a Slam Dunk for Athletes, Families ...",still open
Bemis Company,02/05/2023,Aseptic Packaging Market Valuation Worth USD 35 Billion by 2033 ...,still open
Bemis Company,02/05/2023,Sachet Packaging Market – As Companies Committed for Digital ...,still open
Bemis Company,02/05/2023,Produce Packaging Global Market Report 2022,still open
Bemis Company,02/05/2023,Green Packaging Market Is Bound To Make An Impact In Your ...,still open
Bemis Company,02/05/2023,Three's a crowd for college seat backs,still open
Bemis Company,02/05/2023,Bemis Co. Inc. sells Vancouver plant to Hood Packaging,still open
Bemis Company,02/05/2023,Cosmetic Packaging Market to Reach USD 40.96 Billion by 2028 ...,still open
Bemis Company,02/05/2023,Jeff Bemis,still open
Bemis Company,02/05/2023,Nelipak Healthcare Packaging to establish new U.S. flexible ...,still open
Bemis Company,02/05/2023,Bemis Set to Join S&P 500; Mattel to Join S&P MidCap 400,still open
Bemis Company,02/05/2023,Bemis (BMS) Merger Class Action Lawsuit: Halper Sadeh LLP ...,still open
Bemis Company,02/05/2023,"Hedge Funds Have Never Been This Bullish On Bemis Company, Inc. (BMS)",still open
Bemis Company,02/05/2023,Packaging and Labeling (Healthcare) Services Market Analysis and ...,still open
Bemis Company,02/05/2023,Bemis Company Names Michael B. Clauer as Vice President and ...,still open
Bemis Company,02/05/2023,Bemis plans to acquire medical business,still open
Bemis Company,02/05/2023,Kohlberg completes acquisition of Bemis Healthcare Packaging ...,still open
Bemis Company,02/05/2023,Tami Bemis Cole's New Book 'Benjamin's Soft Bed' Follows the ...,still open
Bemis Company,02/05/2023,Micro Packaging Market to See Booming Growth 2022-2028 | Alcoa ...,still open
Bemis Company,02/05/2023,"Bemis Company, Inc. Dividend Stock Analysis (NYSE:AMCR)",still open
Bemis Company,02/05/2023,Bemis Manufacturing Launches Indoor Air Purification Line,still open
Bemis Company,02/05/2023,"Consumer Shopping Cart Market to grow at a CAGR of 2.05% by 2026, Evolving Opportunities with Advance Carts Inc. & Americana Co - Technavio",still open
Bemis Company,02/05/2023,SILBER LININGS: Alive with the glory of Max Bemis' MOON KNIGHT,still open
Bemis Company,02/05/2023,Bemis Makes Major Investment In Novoloop,still open
Bemis Company,02/05/2023,Food Packaging Film Market to Reach USD 194.27 Billion by 2028 ...,still open
Bemis Company,02/05/2023,"Plastic Packaging Market to Cross USD 474.74 Billion by 2028, at a CAGR of 4.23% from 2022–2028 Thanks to Rising Demand for High Protection Packaging Solutions",still open
Bemis Company,02/05/2023,﻿Retort Packaging Market 2022 key developmental strategies ...,still open
Bemis Company,02/05/2023,Amcor (AMCR) to Report Q2 Earnings: What's in the Offing?,still open
Bemis Company,02/05/2023,Flexible Packaging Market Report Status and Outlook 2022 ...,still open
Bemis Company,02/05/2023,The Worldwide Slider Zipper Pouch Industry is Projected to Reach $25.3 Billion by 2031,still open
Bemis Company,02/05/2023,"Spout Pouch Market 2022 Projections and Regional Outlook, Study ...",still open
Bemis Company,02/05/2023,"Bemis Company, Inc. Dividend Stock Analysis (NYSE:AMCR)",still open
Bemis Company,02/05/2023,Best Packaging Stocks for 2023,still open
Bemis Company,02/05/2023,Global Shrink Plastic Film Market Size and Share to Surpass $3.3 ...,still open
Bemis Company,02/05/2023,Global Flexible Packaging Market Report 2022 to 2030 - Featuring ...,still open
Bemis Company,02/05/2023,U.S. Stock Movers of Note: Buffett Holding StoneCo; Gold Stocks,still open
Bemis Company,02/05/2023,Grove Faucet by Bemis Advances the State of the Art in the Bathroom,still open
Bemis Company,02/05/2023,Bemis to lead sustainable bathroom experience at CES 2023,still open
Bemis Company,02/05/2023,Blister Packaging Machinery Consumption Global Market Report 2022: Ukraine-Russia War Impact,still open
Bemis Company,02/05/2023,"Bemis Launches Clean Shield 3"" Raised Toilet Seat with Personal ...",still open
Bemis Company,02/05/2023,The global pharmaceutical packaging market is expected to grow at a CAGR of 4.65% during 2021-2027,still open
Bemis Company,02/05/2023,AIM WINNERS & LOSERS : Live Co drops on expectations of annual loss,still open
Bemis Company,02/05/2023,"Hedge Funds Have Never Been This Bullish On Bemis Company, Inc. (BMS)",still open
Bemis Company,02/05/2023,"Consumer Shopping Cart Market to grow at a CAGR of 2.05% by 2026, Evolving Opportunities with Advance Carts Inc. & Americana Co - Technavio",still open
Bemis Company,02/05/2023,Australia's Amcor to Acquire Rival Bemis for $5.26 Billion,still open
Bemis Company,02/05/2023,8 Dividend Aristocrats to Buy Now for a Lifetime of Passive Income,still open
Bemis Company,02/05/2023,"WORLD LEADER IN THERMOPLASTIC FILM, TAPE AND ...",still open
Bemis Company,02/05/2023,"Beauty and Personal Care Packaging Market Dynamics, Segments ...",still open
Bemis Company,02/05/2023,These 2 Dividend Payers Are Outpacing the S&P 500,still open
Bemis Company,02/05/2023,"Amcor: Reasonably Valued, Nearing Technical Support (NYSE ...",still open
Bemis Company,02/05/2023,Industrial Packaging Global Market Report 2022,still open
Bemis Company,02/05/2023,Elon Musk Shares How Twitter Handled the Hunter Biden 'Story',still open
Bemis Company,02/05/2023,Beyond Meat Executive Arrested For Biting Someone's Nose,still open
Bemis Company,02/05/2023,IN BRIEF: Itaconix confirms interim non-executive chair permanently,still open
Bemis Company,02/05/2023,Tesla 3-1 Stock Split: Here's What Elon Musk Needs to Happen First,still open
Bemis Company,02/05/2023,The 6 Biggest Mergers and Acquisitions of 2022,still open
Bemis Company,02/05/2023,Amcor: The Scrumptious 4% Dividend Yield For ESG Investors Is ...,still open
Bemis Company,02/05/2023,A $142.7 Billion Global Opportunity for Plastic Films by 2026 - New Research from StrategyR,still open
Bemis Company,02/05/2023,Amcor Stock: Set To Create All-Time High In Today's Bearish Market ...,still open
Bemis Company,02/05/2023,The Holidays Are Coming - Update Your Guest Bath With an ...,still open
Bemis Company,02/05/2023,Nelipak Healthcare Packaging to establish new U.S. flexible ...,still open
Bemis Company,02/05/2023,Amcor announces final acquisition of Bemis Company Inc.,still open
Bemis Company,02/05/2023,Cathie Wood's Zoom Price Target is Amazing,still open
Bemis Company,02/05/2023,California Companies Moving to Texas Now Have to Make a Choice,still open
Bemis Company,02/05/2023,Top 10 Stocks by Searches; One Guess Which is No. 1,still open
Bemis Company,02/05/2023,Prem Watsa Buys 7 Stocks In 4th Quarter,still open
Bemis Company,02/05/2023,Elon Musk Delivers First Tesla Electric Semi Trucks,still open
Bemis Company,02/05/2023,Best Cheap Stocks to Buy in February 2023,still open
Bemis Company,02/05/2023,Amcor Acquires Bemis – Inside INdiana Business,still open
Bemis Company,02/05/2023,Food Containers Market Size to Hit USD 191 Billion by 2028 at 4.3 ...,still open
Bemis Company,02/05/2023,A $261.1 Billion Global Opportunity for Flexible Packaging by 2026 - New Research from StrategyR,still open
Bemis Company,02/05/2023,EBay Completes a Crucial Acquisition,still open
Bemis Company,02/05/2023,Bemis Company expected to maintain strong presence in state,still open
Bemis Company,02/05/2023,SteriPack buyout is backed by UK private equity firm Inflexion,still open
Bemis Company,02/05/2023,How to buy Amcor (ASX:AMC) shares,still open
Bemis Company,02/05/2023,Shark Tank’s Mark Cuban Has Interesting Take On Executives Who Lie,still open
Bemis Company,02/05/2023,5 Low-Vol Dividend Aristocrats to Survive a Stormy Market,still open
Bemis Company,02/05/2023,Sam Bankman-Fried Gets Out on $250 Million Bail,still open
Bemis Company,02/05/2023,Novoloop Raises $11M Series A to Advance Upcycling for Plastic ...,still open
Bemis Company,02/05/2023,Baby food packaging market on a steady upward spiral,still open
Bemis Company,02/05/2023,Bemis (BMS) Merger Class Action Lawsuit: Halper Sadeh LLP ...,still open
Bemis Company,02/05/2023,"Bemis®, Global Leader in Toilet Seats, Acquires Bio Bidet®, Premier ...",still open
Bemis Company,02/05/2023,Apple and Elon Musk Discussed a Partnership,still open
Bemis Company,02/05/2023,Sachet Packaging Market – As Companies Committed for Digital ...,still open
Bemis Company,02/05/2023,Bio Bidet Survey Reveals Americans Are Clueless but Curious About Bidets,still open
Bemis Company,02/05/2023,Russian Stocks Crash: Buy the Dip?,still open
Bemis Company,02/05/2023,Bemis Set to Join S&P 500; Mattel to Join S&P MidCap 400,still open
Bemis Company,02/05/2023,Kohlberg completes acquisition of Bemis Healthcare Packaging ...,still open
Bemis Company,02/05/2023,Apple Draws PayPal Deeper Into its Financial Tools World,still open
Bemis Company,02/05/2023,Need An Alternative to Twitter And Elon Musk? Check These Out,still open
Bemis Company,02/05/2023,Global Food Packaging Films Market Share Statistics Expected to ...,still open
Bemis Company,02/05/2023,Amcor selling Milwaukee plant to gain approval for Bemis deal,still open
Bemis Company,02/05/2023,Amcor reports record full year earnings and strong outlook for fiscal ...,still open
Bemis Company,02/05/2023,Amcor receives EC approval for $6.8bn merger with Bemis,still open
Bemis Company,02/05/2023,"Frozen Meals Sold at Walmart, Target Face Recall",still open
Bemis Company,02/05/2023,Musk Warns Twitter Could go Bankrupt as More Executives Leave,still open
Bemis Company,02/05/2023,Amcor closes $6.8bn merger with flexible packaging major Bemis,still open
Bemis Company,02/05/2023,The Worldwide Pet Food Packaging Industry is Expected to Reach $16 Billion by 2030,still open
Bemis Company,02/05/2023,Elon Musk Says It's Important He Can Be Fired,still open
Bemis Company,02/05/2023,Royal Caribbean Is Adding Something Really Big to Every Ship,still open
Bemis Company,02/05/2023,Big Oil just isn't as big as it once was,still open
Bemis Company,02/05/2023,ViacomCBS Announces $3 Billion Secondary Offering,still open
Bemis Company,02/05/2023,67 Best Dividend Stocks You Can Count On in 2023,still open
Bemis Company,02/05/2023,Alphabet’s Google Has a Big Problem With its Ad Manager,still open
Bemis Company,02/05/2023,Elon Musk Says 6 Months to First Human Implant of Brain Interface,still open
Bemis Company,02/05/2023,"E-Commerce Packaging Market to Perceive Notable Growth of USD 114.55 Billion and Expected to Grow at a CAGR of 11.60% by 2029, Size, Share, Trends, Demand and Segmentation Analysis",still open
Bemis Company,02/05/2023,Amcor expects to close $6.8bn merger with Bemis in May,still open
Bemis Company,02/05/2023,Amcor and Bemis report transaction closing progress,still open
Bemis Company,02/05/2023,Afraid of sky-high stock valuations? These ‘Dividend Aristocrats’ have yields over 3%,still open
Bemis Company,02/05/2023,The Best Plastic Stocks to Buy Today,still open
Bemis Company,02/05/2023,Elon Musk Says He Has the Key to Curbing Twitter Trolls and Bots,still open
Bemis Company,02/05/2023,Chipotle Will Need Almost 13 Years to Open All the Restaurants It Says It Can,still open
Bemis Company,02/05/2023,Elon Musk is Doing Something He Hardly Ever Does,still open
Bemis Company,02/05/2023,Elon Musk Says Three Things Are Ruining California,still open
Bemis Company,02/05/2023,PCR Plastic Packaging Market to Register Highest CAGR Growth of ...,still open
Bemis Company,02/05/2023,Elon Musk Calls These Companies 'Super Shady and Unethical',still open
Bemis Company,02/05/2023,"Oil Prices at $100 ‘Easy’ Argument Starting in 2023, Sankey Says",still open
Bemis Company,02/05/2023,Amcor-expanding-Madison-Wis.-plant,still open
Bemis Company,02/05/2023,Casana Raises $14 Million in Series A Funding Led by General ...,still open
Bemis Company,02/05/2023,Amcor Offers A Safe And Growing Dividend Yield Of 5.75% (NYSE ...,still open
Bemis Company,02/05/2023,Increasing Role of Packaging in Strengthening Brand Identity to ...,still open
Bemis Company,02/05/2023,New Amcor: Assessing the impact of the world's largest ...,still open
Bemis Company,02/05/2023,"Wisconsin has fewer companies on Fortune 500, 1000 lists this year",still open
Bemis Company,02/05/2023,Time for a look at beaten-up materials stocks,still open
Bemis Company,02/05/2023,Bemis to Showcase Sustainable and Inclusive Bathroom Experience ...,still open
Bemis Company,02/05/2023,Dairy Products Packaging Market to Hit US$ 43.6 Billion by 2030 ...,still open
Bemis Company,02/05/2023,"Rigid Plastic Packaging Market Expected to Expand at a Steady 2023-2030 | Bemis Company, Amcor Limited, Silgan",still open
Bemis Company,02/05/2023,Continued testing at Bemis Public Library | Littletonindependent.net,still open
Bemis Company,02/05/2023,Round Bottom Sealed Bag Market To Grow Extensively At ...,still open
Bemis Company,02/05/2023,Amcor (AMCR) to Report Q2 Earnings: What's in the Offing?,still open
Bemis Company,02/05/2023,New Centennial entertainment venue combines sports and social life,still open
Bemis Company,02/05/2023,"﻿Sterile Medical Packaging Market Statistical Forecast, Trade ...",still open
Bemis Company,02/05/2023,﻿Retort Packaging Market 2022 key developmental strategies ...,still open
Bemis Company,02/05/2023,Flexible Packaging Market Report Status and Outlook 2022 ...,still open
Bemis Company,02/05/2023,Pouches Market 2023 In-Depth Analysis Of Competitive Landscape ...,still open
Bemis Company,02/05/2023,"Green Packaging Market Generated Opportunities, Future Scope ...",still open
Bemis Company,02/05/2023,Food Service Packaging Market to Witness Huge Growth by 2030 ...,still open
Bemis Company,02/05/2023,Beverage Packaging Market Size and Growth 2023 Detailed ...,still open
Bemis Company,02/05/2023,"Who Are the Oshkosh Corporation Leaders, Founders, and ...",still open
Bemis Company,02/05/2023,Active and Modified Atmosphere Packaging Market to create ...,still open
Bemis Company,02/05/2023,Thermoform Packaging Market Explores New Growth Opportunities ...,still open
Bemis Company,02/05/2023,Global Plastic Films Market 2022 Industry Demand Analysis with ...,still open
Bemis Company,02/05/2023,The Worldwide Slider Zipper Pouch Industry is Projected to Reach $25.3 Billion by 2031,still open
Bemis Company,02/05/2023,Global Food Packaging Tester Market Research Report 2022-2032,still open
Bemis Company,02/05/2023,"Active Intelligent Packaging Market Analysis, Key Company Profiles ...",still open
Bemis Company,02/05/2023,Global Paper Packaging Market to Surpass $290B by 2030 with ...,still open
Bemis Company,02/05/2023,Global Slider Zipper Pouch Market Report to 2031 - Featuring ...,still open
Bemis Company,02/05/2023,Wet Glued Labels Market Overview 2023-2029| Key Players –Avery ...,still open
Bemis Company,02/05/2023,Vacuum Plating Resin Market Booming Worldwide With Leading ...,still open
Bemis Company,02/05/2023,Food Service Packaging Market size was valued at USD 85 billion in ...,still open
Bemis Company,02/05/2023,Littleton says proactive testing led to discovery of meth ...,still open
Bemis Company,02/05/2023,"Listen: 1 year later, the history of the century-old Superior buildings ...",still open
Bemis Company,02/05/2023,Maureen Ryan Obituary (1959 - 2023),still open
Bemis Company,02/05/2023,"Peelable Coating Market Size, Share, Growth Statistics By Top Key ...",still open
Bemis Company,02/05/2023,"Bulk Packaging Market Industry by Size and Trends, Share, Sales by ...",still open
Bemis Company,02/05/2023,"Mobile Phone Connector Market Size And Forecast -Kuraray, Toray ...",still open
Bemis Company,02/05/2023,India Pharmaceutical Packaging Market is anticipated to witness a ...,still open
Bemis Company,02/05/2023,"Meat Poultry and Seafood Packaging Market Analysis, Key ...",still open
Bemis Company,02/05/2023,Blow Molded Containers Market Research Insights with Upcoming ...,still open
Bemis Company,02/05/2023,"Traffic watch: Road construction round-up for Washtenaw County, Feb. 5",still open
Bemis Company,02/05/2023,Worldwide High Barrier Films Market to reach US $ 45.83 Billion by 2029 - Comprehensive Research Report by Exa,still open
Bemis Company,02/05/2023,Next Generation Packaging Market Huge Growth in Future Scope ...,still open
Bemis Company,02/05/2023,Virginia A. (DuChateau) Gruselle Obituary,still open
Bemis Company,02/05/2023,"Spout Pouch Market 2022 Projections and Regional Outlook, Study ...",still open
Bemis Company,02/05/2023,Shrink Bundling Films Market rising Demand by rising technological ...,still open
Bemis Company,02/05/2023,Bemis Associates Announces Acquisition Of France-Based ...,still open
Bemis Company,02/05/2023,"Pet Food Packaging Market Growth Areas, Shares, Strategy | Key Players and Geographical Regions 2033",still open
Bemis Company,02/05/2023,Baby Portable Co-Sleeper Market is expected to reach a value of ...,still open
Bemis Company,02/05/2023,"Jimmy Bemis, Co-Founder, The Basketball Social House",still open
Bemis Company,02/05/2023,Grove Faucet by Bemis Advances the State of the Art in the Bathroom,still open
Bemis Company,02/05/2023,Global Flexible Packaging Market Report 2022 to 2030 - Featuring ...,still open
Bemis Company,02/05/2023,Bemis to lead sustainable bathroom experience at CES 2023,still open
Bemis Company,02/05/2023,Thermoformed Plastic Trays Market Biggest Innovation with Top Key ...,still open
Bemis Company,02/05/2023,"Bemis Launches Clean Shield 3"" Raised Toilet Seat with Personal ...",still open
Bemis Company,02/05/2023,"Sharps Containers Market: Players tapping Emerging Markets | EnviroTain, LLC, MAUSER Group, Daniel Healthcare",still open
Bemis Company,02/05/2023,"Child Resistant Packaging Market - 2023 by Manufacturers, Regions, Type and Application, Forecast to 2030",still open
Bemis Company,02/05/2023,Bathroom Products Global Market Report 2022 Featuring Kohler ...,still open
Bemis Company,02/05/2023,Amcor announces final acquisition of Bemis Company Inc.,still open
Bemis Company,02/05/2023,BEMIS Bidet attachment,still open
Bemis Company,02/05/2023,"Beauty and Personal Care Packaging Market Dynamics, Segments ...",still open
Bemis Company,02/05/2023,Neenah-based Bemis Co. sold in $6.8 billion deal,still open
Bemis Company,02/05/2023,"Bemis Company Announces Agreement with Starboard, Appoints ...",still open
Bemis Company,02/05/2023,"Bemis ordered to offer jobs back, make employees whole",still open
Bemis Company,02/05/2023,Blister Packaging Machinery Consumption Global Market Report 2022: Ukraine-Russia War Impact,still open
Bemis Company,02/05/2023,Bemis Company expected to maintain strong presence in state,still open
Bemis Company,02/05/2023,Bio Bidet Research: More Americans Planning DIY Projects,still open
Bemis Company,02/05/2023,The Holidays Are Coming - Update Your Guest Bath With an ...,still open
Bemis Company,02/05/2023,Douglas Dickey | Obituary | Ottumwa Daily Courier,still open
Bemis Company,02/05/2023,The global pharmaceutical packaging market is expected to grow at a CAGR of 4.65% during 2021-2027,still open
Bemis Company,02/05/2023,Ask Vance: Bemis Bag Company,still open
Bemis Company,02/05/2023,"Harvey Hill, 1935-2022 - The Vermont Journal & The Shopper",still open
Bemis Company,02/05/2023,"New London's Bemis, now part of Amcor, will layoff 70-110 employees.",still open
Bemis Company,02/05/2023,Industrial Packaging Global Market Report 2022,still open
Bemis Company,02/05/2023,Non-alcoholic Premix Bottled Cocktails Market is likely to expand US ...,still open
Bemis Company,02/05/2023,"Adhesive Tape Market Size [2022-2029] | Industry Growth, Share ...",still open
Bemis Company,02/05/2023,Vacuum Skin Packaging Market Biggest Innovation with Top Key ...,still open
Bemis Company,02/05/2023,BRIEF-Bemis Co reports actions to reduce cost structure,still open
Bemis Company,02/05/2023,"The Basketball Social House is a Slam Dunk for Athletes, Families ...",still open
Bemis Company,02/05/2023,Aseptic Packaging Market Valuation Worth USD 35 Billion by 2033 ...,still open
Bemis Company,02/05/2023,Sachet Packaging Market – As Companies Committed for Digital ...,still open
Bemis Company,02/05/2023,Produce Packaging Global Market Report 2022,still open
Bemis Company,02/05/2023,Green Packaging Market Is Bound To Make An Impact In Your ...,still open
Bemis Company,02/05/2023,Three's a crowd for college seat backs,still open
Bemis Company,02/05/2023,Bemis Co. Inc. sells Vancouver plant to Hood Packaging,still open
Bemis Company,02/05/2023,Cosmetic Packaging Market to Reach USD 40.96 Billion by 2028 ...,still open
Bemis Company,02/05/2023,Jeff Bemis,still open
Bemis Company,02/05/2023,Nelipak Healthcare Packaging to establish new U.S. flexible ...,still open
Bemis Company,02/05/2023,Bemis Set to Join S&P 500; Mattel to Join S&P MidCap 400,still open
Bemis Company,02/05/2023,Bemis (BMS) Merger Class Action Lawsuit: Halper Sadeh LLP ...,still open
Bemis Company,02/05/2023,"Hedge Funds Have Never Been This Bullish On Bemis Company, Inc. (BMS)",still open
Bemis Company,02/05/2023,Packaging and Labeling (Healthcare) Services Market Analysis and ...,still open
Bemis Company,02/05/2023,Bemis Company Names Michael B. Clauer as Vice President and ...,still open
Bemis Company,02/05/2023,Bemis plans to acquire medical business,still open
Bemis Company,02/05/2023,Kohlberg completes acquisition of Bemis Healthcare Packaging ...,still open
Bemis Company,02/05/2023,Tami Bemis Cole's New Book 'Benjamin's Soft Bed' Follows the ...,still open
Bemis Company,02/05/2023,Micro Packaging Market to See Booming Growth 2022-2028 | Alcoa ...,still open
Bemis Company,02/05/2023,"Bemis Company, Inc. Dividend Stock Analysis (NYSE:AMCR)",still open
Bemis Company,02/05/2023,Bemis Manufacturing Launches Indoor Air Purification Line,still open
Bemis Company,02/05/2023,"Consumer Shopping Cart Market to grow at a CAGR of 2.05% by 2026, Evolving Opportunities with Advance Carts Inc. & Americana Co - Technavio",still open
Bemis Company,02/05/2023,SILBER LININGS: Alive with the glory of Max Bemis' MOON KNIGHT,still open
Bemis Company,02/05/2023,Bemis Makes Major Investment In Novoloop,still open
Bemis Company,02/05/2023,Food Packaging Film Market to Reach USD 194.27 Billion by 2028 ...,still open
Bemis Company,02/05/2023,"Plastic Packaging Market to Cross USD 474.74 Billion by 2028, at a CAGR of 4.23% from 2022–2028 Thanks to Rising Demand for High Protection Packaging Solutions",still open
Bemis Company,02/05/2023,﻿Retort Packaging Market 2022 key developmental strategies ...,still open
Bemis Company,02/05/2023,Amcor (AMCR) to Report Q2 Earnings: What's in the Offing?,still open
Bemis Company,02/05/2023,Flexible Packaging Market Report Status and Outlook 2022 ...,still open
Bemis Company,02/05/2023,The Worldwide Slider Zipper Pouch Industry is Projected to Reach $25.3 Billion by 2031,still open
Bemis Company,02/05/2023,"Spout Pouch Market 2022 Projections and Regional Outlook, Study ...",still open
Bemis Company,02/05/2023,"Bemis Company, Inc. Dividend Stock Analysis (NYSE:AMCR)",still open
Bemis Company,02/05/2023,Best Packaging Stocks for 2023,still open
Bemis Company,02/05/2023,Global Shrink Plastic Film Market Size and Share to Surpass $3.3 ...,still open
Bemis Company,02/05/2023,Global Flexible Packaging Market Report 2022 to 2030 - Featuring ...,still open
Bemis Company,02/05/2023,U.S. Stock Movers of Note: Buffett Holding StoneCo; Gold Stocks,still open
Bemis Company,02/05/2023,Grove Faucet by Bemis Advances the State of the Art in the Bathroom,still open
Bemis Company,02/05/2023,Bemis to lead sustainable bathroom experience at CES 2023,still open
Bemis Company,02/05/2023,Blister Packaging Machinery Consumption Global Market Report 2022: Ukraine-Russia War Impact,still open
Bemis Company,02/05/2023,"Bemis Launches Clean Shield 3"" Raised Toilet Seat with Personal ...",still open
Bemis Company,02/05/2023,The global pharmaceutical packaging market is expected to grow at a CAGR of 4.65% during 2021-2027,still open
Bemis Company,02/05/2023,AIM WINNERS & LOSERS : Live Co drops on expectations of annual loss,still open
Bemis Company,02/05/2023,"Hedge Funds Have Never Been This Bullish On Bemis Company, Inc. (BMS)",still open
Bemis Company,02/05/2023,"Consumer Shopping Cart Market to grow at a CAGR of 2.05% by 2026, Evolving Opportunities with Advance Carts Inc. & Americana Co - Technavio",still open
Bemis Company,02/05/2023,Australia's Amcor to Acquire Rival Bemis for $5.26 Billion,still open
Bemis Company,02/05/2023,8 Dividend Aristocrats to Buy Now for a Lifetime of Passive Income,still open
Bemis Company,02/05/2023,"WORLD LEADER IN THERMOPLASTIC FILM, TAPE AND ...",still open
Bemis Company,02/05/2023,"Beauty and Personal Care Packaging Market Dynamics, Segments ...",still open
Bemis Company,02/05/2023,These 2 Dividend Payers Are Outpacing the S&P 500,still open
Bemis Company,02/05/2023,"Amcor: Reasonably Valued, Nearing Technical Support (NYSE ...",still open
Bemis Company,02/05/2023,Industrial Packaging Global Market Report 2022,still open
Bemis Company,02/05/2023,Elon Musk Shares How Twitter Handled the Hunter Biden 'Story',still open
Bemis Company,02/05/2023,Beyond Meat Executive Arrested For Biting Someone's Nose,still open
Bemis Company,02/05/2023,IN BRIEF: Itaconix confirms interim non-executive chair permanently,still open
Bemis Company,02/05/2023,Tesla 3-1 Stock Split: Here's What Elon Musk Needs to Happen First,still open
Bemis Company,02/05/2023,The 6 Biggest Mergers and Acquisitions of 2022,still open
Bemis Company,02/05/2023,Amcor: The Scrumptious 4% Dividend Yield For ESG Investors Is ...,still open
Bemis Company,02/05/2023,A $142.7 Billion Global Opportunity for Plastic Films by 2026 - New Research from StrategyR,still open
Bemis Company,02/05/2023,Amcor Stock: Set To Create All-Time High In Today's Bearish Market ...,still open
Bemis Company,02/05/2023,The Holidays Are Coming - Update Your Guest Bath With an ...,still open
Bemis Company,02/05/2023,Nelipak Healthcare Packaging to establish new U.S. flexible ...,still open
Bemis Company,02/05/2023,Amcor announces final acquisition of Bemis Company Inc.,still open
Bemis Company,02/05/2023,Cathie Wood's Zoom Price Target is Amazing,still open
Bemis Company,02/05/2023,California Companies Moving to Texas Now Have to Make a Choice,still open
Bemis Company,02/05/2023,Top 10 Stocks by Searches; One Guess Which is No. 1,still open
Bemis Company,02/05/2023,Prem Watsa Buys 7 Stocks In 4th Quarter,still open
Bemis Company,02/05/2023,Elon Musk Delivers First Tesla Electric Semi Trucks,still open
Bemis Company,02/05/2023,Best Cheap Stocks to Buy in February 2023,still open
Bemis Company,02/05/2023,Amcor Acquires Bemis – Inside INdiana Business,still open
Bemis Company,02/05/2023,Food Containers Market Size to Hit USD 191 Billion by 2028 at 4.3 ...,still open
Bemis Company,02/05/2023,A $261.1 Billion Global Opportunity for Flexible Packaging by 2026 - New Research from StrategyR,still open
Bemis Company,02/05/2023,EBay Completes a Crucial Acquisition,still open
Bemis Company,02/05/2023,Bemis Company expected to maintain strong presence in state,still open
Bemis Company,02/05/2023,SteriPack buyout is backed by UK private equity firm Inflexion,still open
Bemis Company,02/05/2023,How to buy Amcor (ASX:AMC) shares,still open
Bemis Company,02/05/2023,Shark Tank’s Mark Cuban Has Interesting Take On Executives Who Lie,still open
Bemis Company,02/05/2023,5 Low-Vol Dividend Aristocrats to Survive a Stormy Market,still open
Bemis Company,02/05/2023,Sam Bankman-Fried Gets Out on $250 Million Bail,still open
Bemis Company,02/05/2023,Novoloop Raises $11M Series A to Advance Upcycling for Plastic ...,still open
Bemis Company,02/05/2023,Baby food packaging market on a steady upward spiral,still open
Bemis Company,02/05/2023,Bemis (BMS) Merger Class Action Lawsuit: Halper Sadeh LLP ...,still open
Bemis Company,02/05/2023,"Bemis®, Global Leader in Toilet Seats, Acquires Bio Bidet®, Premier ...",still open
Bemis Company,02/05/2023,Apple and Elon Musk Discussed a Partnership,still open
Bemis Company,02/05/2023,Sachet Packaging Market – As Companies Committed for Digital ...,still open
Bemis Company,02/05/2023,Bio Bidet Survey Reveals Americans Are Clueless but Curious About Bidets,still open
Bemis Company,02/05/2023,Russian Stocks Crash: Buy the Dip?,still open
Bemis Company,02/05/2023,Bemis Set to Join S&P 500; Mattel to Join S&P MidCap 400,still open
Bemis Company,02/05/2023,Kohlberg completes acquisition of Bemis Healthcare Packaging ...,still open
Bemis Company,02/05/2023,Apple Draws PayPal Deeper Into its Financial Tools World,still open
Bemis Company,02/05/2023,Need An Alternative to Twitter And Elon Musk? Check These Out,still open
Bemis Company,02/05/2023,Global Food Packaging Films Market Share Statistics Expected to ...,still open
Bemis Company,02/05/2023,Amcor selling Milwaukee plant to gain approval for Bemis deal,still open
Bemis Company,02/05/2023,Amcor reports record full year earnings and strong outlook for fiscal ...,still open
Bemis Company,02/05/2023,Amcor receives EC approval for $6.8bn merger with Bemis,still open
Bemis Company,02/05/2023,"Frozen Meals Sold at Walmart, Target Face Recall",still open
Bemis Company,02/05/2023,Musk Warns Twitter Could go Bankrupt as More Executives Leave,still open
Bemis Company,02/05/2023,Amcor closes $6.8bn merger with flexible packaging major Bemis,still open
Bemis Company,02/05/2023,The Worldwide Pet Food Packaging Industry is Expected to Reach $16 Billion by 2030,still open
Bemis Company,02/05/2023,Elon Musk Says It's Important He Can Be Fired,still open
Bemis Company,02/05/2023,Royal Caribbean Is Adding Something Really Big to Every Ship,still open
Bemis Company,02/05/2023,Big Oil just isn't as big as it once was,still open
Bemis Company,02/05/2023,ViacomCBS Announces $3 Billion Secondary Offering,still open
Bemis Company,02/05/2023,67 Best Dividend Stocks You Can Count On in 2023,still open
Bemis Company,02/05/2023,Alphabet’s Google Has a Big Problem With its Ad Manager,still open
Bemis Company,02/05/2023,Elon Musk Says 6 Months to First Human Implant of Brain Interface,still open
Bemis Company,02/05/2023,"E-Commerce Packaging Market to Perceive Notable Growth of USD 114.55 Billion and Expected to Grow at a CAGR of 11.60% by 2029, Size, Share, Trends, Demand and Segmentation Analysis",still open
Bemis Company,02/05/2023,Amcor expects to close $6.8bn merger with Bemis in May,still open
Bemis Company,02/05/2023,Amcor and Bemis report transaction closing progress,still open
Bemis Company,02/05/2023,Afraid of sky-high stock valuations? These ‘Dividend Aristocrats’ have yields over 3%,still open
Bemis Company,02/05/2023,The Best Plastic Stocks to Buy Today,still open
Bemis Company,02/05/2023,Elon Musk Says He Has the Key to Curbing Twitter Trolls and Bots,still open
Bemis Company,02/05/2023,Chipotle Will Need Almost 13 Years to Open All the Restaurants It Says It Can,still open
Bemis Company,02/05/2023,Elon Musk is Doing Something He Hardly Ever Does,still open
Bemis Company,02/05/2023,Elon Musk Says Three Things Are Ruining California,still open
Bemis Company,02/05/2023,PCR Plastic Packaging Market to Register Highest CAGR Growth of ...,still open
Bemis Company,02/05/2023,Elon Musk Calls These Companies 'Super Shady and Unethical',still open
Bemis Company,02/05/2023,"Oil Prices at $100 ‘Easy’ Argument Starting in 2023, Sankey Says",still open
Bemis Company,02/05/2023,Amcor-expanding-Madison-Wis.-plant,still open
Bemis Company,02/05/2023,Casana Raises $14 Million in Series A Funding Led by General ...,still open
Bemis Company,02/05/2023,Amcor Offers A Safe And Growing Dividend Yield Of 5.75% (NYSE ...,still open
Bemis Company,02/05/2023,Increasing Role of Packaging in Strengthening Brand Identity to ...,still open
Bemis Company,02/05/2023,New Amcor: Assessing the impact of the world's largest ...,still open
Bemis Company,02/05/2023,"Wisconsin has fewer companies on Fortune 500, 1000 lists this year",still open
Bemis Company,02/05/2023,Time for a look at beaten-up materials stocks,still open
