Adidas,03/08/2023,1. adidas Launches New Running Shoe Line,still open
Adidas,03/08/2023,2. adidas Faces Lawsuit Over Allegedly Stealing Designs,still open
Adidas,03/08/2023,3. adidas Partners with Celebrity for New Clothing Line,still open
Adidas,03/08/2023,4. adidas Plans to Open 100 New Stores Worldwide,still open
Adidas,03/08/2023,5. adidas Launches Sustainable Clothing Line,still open
Adidas,03/08/2023,6. adidas Releases New Soccer Cleats,still open
Adidas,03/08/2023,7. adidas Brings Back Classic Sneaker Design,still open
Adidas,03/08/2023,8. adidas Announces Partnership with Major League Soccer,still open
Adidas,03/08/2023,9. adidas to Open Flagship Store in New York City,still open
Adidas,03/08/2023,10. adidas Launches Recycled Ocean Plastic Sneakers,still open
Adidas,03/08/2023,11. adidas Announces Collaboration with Parley for the Oceans ,still open
Adidas,03/08/2023,12. adidas Launches Special Edition Game of Thrones Sneakers,still open
Adidas,03/08/2023,13. adidas Sponsors Major International Athletic Events,still open
Adidas,03/08/2023,14. adidas Launches Eco-Friendly Clothing Line for Women,still open
Adidas,03/08/2023,15. adidas Sends Sneakers to NASA Astronauts,still open
Adidas,03/08/2023,16. adidas Tops Nike as World's Most Valuable Apparel Brand,still open
Adidas,03/08/2023,17. adidas Debuts New High-Tech Running Shoe,still open
Adidas,03/08/2023,18. adidas Announces New Partnership with Beyonc√©,still open
Adidas,03/08/2023,19. adidas Reveals Latest Edition of Stan Smith Sneakers,still open
Adidas,03/08/2023,20. adidas Announces Expansion Plans into Asia-Pacific Region,still open
Adidas,03/08/2023,21. adidas Unveils New Tennis Clothing Line for Athletes,still open
Adidas,03/08/2023,22. adidas Opens Pop-Up Shop in Tokyo,still open
Adidas,03/08/2023,23. adidas Featured on Forbes ,still open
Adidas,03/08/2023,Most Innovative Companies,still open
Adidas,03/08/2023,24. adidas Reopens Flagship Store in Paris,still open
Adidas,03/08/2023,25. adidas Approaches Female Athletes with New Clothing Line ,still open
Adidas,03/08/2023,26. adidas Enters eSports Industry with Partnership with League of Legends,still open
Adidas,03/08/2023,27. adidas Launches LGBT Pride Collection ,still open
Adidas,03/08/2023,28. adidas and Kanye West Collaborate on Yeezy Line,still open
Adidas,03/08/2023,29. adidas Announces Agreement with Arsenal Football Club,still open
Adidas,03/08/2023,30. adidas Plans for Soccer to be a Key Business Growth Area,still open
Adidas,03/08/2023,31. adidas Returns to Formula 1 Racing with Red Bull Partnership,still open
Adidas,03/08/2023,32. adidas Invests Millions in Indian Sports Market ,still open
Adidas,03/08/2023,33. adidas Releases Three New Running Shoes ,still open
Adidas,03/08/2023,34. adidas Opens First-Ever Store in Saudi Arabia,still open
Adidas,03/08/2023,35. adidas Collaborates with Iconic Italian Soccer Club,still open
Adidas,03/08/2023,36. adidas Launches New Yoga Clothing Line,still open
Adidas,03/08/2023,37. adidas Offers Custom-Made Sneakers through 3D Printing,still open
Adidas,03/08/2023,38. adidas Donates Shoes to Help Children in Need ,still open
Adidas,03/08/2023,39. adidas Unveils New Running Shoe with Revolutionary Design,still open
Adidas,03/08/2023,40. adidas Announces New Partnership with UEFA ,still open
Adidas,03/08/2023,41. adidas Launches New Line of Skateboarding Shoes,still open
Adidas,03/08/2023,42. adidas Shifts Focus to eCommerce with New Website ,still open
Adidas,03/08/2023,43. adidas Gives Back Through Community Service Efforts,still open
Adidas,03/08/2023,44. adidas Reveals Upgraded Version of Iconic Gazelle Sneakers,still open
Adidas,03/08/2023,45. adidas Forms Strategic Partnership with Chinese Sports Firm,still open
Adidas,03/08/2023,46. adidas Signs Deal with Manchester United Football Club,still open
Adidas,03/08/2023,47. adidas and Alexander Wang Reveal New Sportswear Collection,still open
Adidas,03/08/2023,48. adidas Releases Special Edition Mexico City Sneakers ,still open
Adidas,03/08/2023,49. adidas Establishes Program to Support Young Athletes ,still open
Adidas,03/08/2023,50. adidas Launches New Basketball Clothing Line,still open
Adidas,03/08/2023,51. adidas Reveals Groundbreaking New Shoe Design,still open
Adidas,03/08/2023,52. adidas Partners with Elite Football Clubs in Europe,still open
Adidas,03/08/2023,53. adidas Collaborates with Japanese Fashion Designer,still open
Adidas,03/08/2023,54. adidas Launches New Fitness Tracker ,still open
Adidas,03/08/2023,55. adidas Unveils Revolutionary Golf Shoe,still open
Adidas,03/08/2023,56. adidas Launches New Hockey Jersey Line,still open
Adidas,03/08/2023,57. adidas Partners with Celebrity Chef for Clothing Line ,still open
Adidas,03/08/2023,58. adidas Offers Special Edition Sneakers for Olympic Games,still open
Adidas,03/08/2023,59. adidas Unveils Limited Edition Sneaker Collaboration  ,still open
Adidas,03/08/2023,60. adidas Signs Endorsement Deal with NFL Rookie ,still open
Adidas,03/08/2023,61. adidas Launches New Line of Training Clothing ,still open
Adidas,03/08/2023,62. adidas Announces Expansion Plans in Africa ,still open
Adidas,03/08/2023,63. adidas Collaborates with Iconic Fashion House for New Collection ,still open
Adidas,03/08/2023,64. adidas Launches New Line of Swimwear ,still open
Adidas,03/08/2023,65. adidas Develops Revolutionary Anti-Gravity Shoes ,still open
Adidas,03/08/2023,66. adidas and Pharrell Williams Team Up on New Line ,still open
Adidas,03/08/2023,67. adidas Announces New Partnership with Major Tennis Tournament ,still open
Adidas,03/08/2023,68. adidas Launches New Running App ,still open
Adidas,03/08/2023,69. adidas Expands Presence in Latin America ,still open
Adidas,03/08/2023,70. adidas Debuts World's First Biodegradable Shoes ,still open
Adidas,03/08/2023,71. adidas Signs Partnership with MLS Expansion Team ,still open
Adidas,03/08/2023,72. adidas Reveals New Approach to Flagship Store Design ,still open
Adidas,03/08/2023,73. adidas Introduces New Soccer Ball Design ,still open
Adidas,03/08/2023,74. adidas Launches Innovative Material to Make Sneakers ,still open
Adidas,03/08/2023,75. adidas Collaborates with Famous Streetwear Designer ,still open
Adidas,03/08/2023,76. adidas Plans to Increase Use of Recycled Materials in Clothing Production ,still open
Adidas,03/08/2023,77. adidas Releases New Sports Training Program ,still open
Adidas,03/08/2023,78. adidas Unveils New High-Tech Sneakers for Basketball Players ,still open
Adidas,03/08/2023,79. adidas Partners with Local Artists for New Design Campaign ,still open
Adidas,03/08/2023,80. adidas Offers Eco-Friendly Packaging for Online Orders ,still open
Adidas,03/08/2023,81. adidas Announces Expansion Plans in India ,still open
Adidas,03/08/2023,82. adidas Launches New App for Connected Soccer Experience ,still open
Adidas,03/08/2023,83. adidas Reveals New Winter Clothing Line ,still open
Adidas,03/08/2023,84. adidas Offers Revolutionary New Design for Soccer Balls ,still open
Adidas,03/08/2023,85. adidas Partners with French Soccer Club Paris Saint-Germain ,still open
Adidas,03/08/2023,86. adidas Reveals New Collection of Streetwear ,still open
Adidas,03/08/2023,87. adidas Announces Collaboration with Japanese Soccer Club ,still open
Adidas,03/08/2023,88. adidas Teams Up with Global Star for Clothing Line ,still open
Adidas,03/08/2023,89. adidas Introduces New Line of Running Socks,still open
Adidas,03/08/2023,90. adidas Named Most Active Company in Corporate Social Responsibility ,still open
Adidas,03/08/2023,91. adidas Collaborates with Innovative Musician for Clothing Line ,still open
Adidas,03/08/2023,92. adidas Unveils New High-Tech Track and Field Apparel ,still open
Adidas,03/08/2023,93. adidas Launches Sustainable Basketball Jersey Line ,still open
Adidas,03/08/2023,94. adidas Announces Plans for More High-Tech Manufacturing Sites ,still open
Adidas,03/08/2023,95. adidas Teams Up with Famous Skateboarder for Clothing Line ,still open
Adidas,03/08/2023,96. adidas Reveals New Line of Athletic Headphones ,still open
Adidas,03/08/2023,97. adidas Works with Famous Designer for Clothing Competition ,still open
Adidas,03/08/2023,98. adidas Launches New Fitness and Training App ,still open
Adidas,03/08/2023,99. adidas Offers Revolutionary New Soccer Goalkeeper Gloves ,still open
Adidas,03/08/2023,100. adidas Announces Partnership with Brazilian Soccer Legend ,still open
Adidas,03/08/2023,101. adidas Launches Revolutionary New Running Program ,still open
Adidas,03/08/2023,102. adidas Collaborates with Iconic American Fashion Designer ,still open
Adidas,03/08/2023,103. adidas Reveals Unique New Materials for Clothing Production ,still open
Adidas,03/08/2023,104. adidas Partners with Major Soccer Association ,still open
Adidas,03/08/2023,105. adidas Unveils New Line of Streetwear Sneakers ,still open
Adidas,03/08/2023,106. adidas Launches New Technology for Athletic Apparel ,still open
Adidas,03/08/2023,107. adidas Announces Agreement with World Famous Skateboarder ,still open
Adidas,03/08/2023,108. adidas Develops Revolutionary New Soccer Ball Technology ,still open
Adidas,03/08/2023,109. adidas Offers Green Sneaker Packaging for Earth Day ,still open
Adidas,03/08/2023,110. adidas Teams Up with Major Art Gallery for Clothing Line ,still open
Adidas,03/08/2023,111. adidas Launches New Clothing Line for Yoga Enthusiasts ,still open
Adidas,03/08/2023,112. adidas Announces Expansion Plans in China ,still open
Adidas,03/08/2023,113. adidas Reveals New Tech-Infused Athletic Gloves ,still open
Adidas,03/08/2023,114. adidas Collaborates with Iconic Film Franchise for Sneaker Line ,still open
Adidas,03/08/2023,115. adidas Partners with Top Skateboarder for Limited Edition Sneakers ,still open
Adidas,03/08/2023,116. adidas Announces New Partnership with Major Mexican Soccer Team ,still open
Adidas,03/08/2023,117. adidas Launches New Line of Snowboarding Apparel ,still open
Adidas,03/08/2023,118. adidas Reveals Innovative New Running App ,still open
Adidas,03/08/2023,119. adidas Collaborates with Famous Street Artist for Clothing Line ,still open
Adidas,03/08/2023,120. adidas Unveils Revolutionary New Basketball Sneakers ,still open
Adidas,03/08/2023,121. adidas Teams Up with Famous Musician for Clothing Line ,still open
Adidas,03/08/2023,122. adidas Introduces New Line of Performance Underwear ,still open
Adidas,03/08/2023,123. adidas Offers Revolutionary New Design for Soccer Jerseys ,still open
Adidas,03/08/2023,124. adidas Announces New Partnership with Major Olympic Committee ,still open
Adidas,03/08/2023,125. adidas Launches New Soccer Clothing Line for Kids ,still open
Adidas,03/08/2023,126. adidas Reveals New Materials for Sustainable Shoe Production ,still open
Adidas,03/08/2023,127. adidas Collaborates with Famous Soccer Club for Clothing Collection ,still open
Adidas,03/08/2023,128. adidas Teams Up with Famous Rapper for Clothing Line ,still open
Adidas,03/08/2023,129. adidas Unveils New High-Tech Basketball Sneakers ,still open
Adidas,03/08/2023,130. adidas Offers Customizable Sneaker Design Options ,still open
Adidas,03/08/2023,131. adidas Announces Expansion Plans in Europe ,still open
Adidas,03/08/2023,132. adidas Launches New Fitness App for Apple Watch ,still open
Adidas,03/08/2023,133. adidas Reveals Revolutionary New Yoga Pants Design ,still open
Adidas,03/08/2023,134. adidas Partners with Innovative Skater for Clothing Collaboration ,still open
Adidas,03/08/2023,135. adidas Announces New Beach Volleyball Clothing Line ,still open
Adidas,03/08/2023,136. adidas Collaborates with Famous Artist for Sneaker Line ,still open
Adidas,03/08/2023,137. adidas Works with Brazilian Fashion House on Clothing Line ,still open
Adidas,03/08/2023,138. adidas Unveils New Skateboarding Sneaker Line ,still open
Adidas,03/08/2023,139. adidas Offers Revolutionary New Design for Running Shoes ,still open
Adidas,03/08/2023,140. adidas Announces New Partnership with College Sports Organization ,still open
Adidas,03/08/2023,141. adidas Launches New Line of Running Clothes for Women ,still open
Adidas,03/08/2023,142. adidas Collaborates with Major Hollywood Director for Clothing ,still open
Adidas,03/08/2023,143. adidas Reveals New Materials for Revolutionary Injury Prevention Equipment ,still open
Adidas,03/08/2023,144. adidas Teams Up with Famous Celebrity for Clothing Line ,still open
Adidas,03/08/2023,145. adidas Announces New Partnership with Korean Fashion Designer ,still open
Adidas,03/08/2023,146. adidas Launches New High-Tech Golfing Apparel ,still open
Adidas,03/08/2023,147. adidas Releases New Collection of Football Sneakers ,still open
Adidas,03/08/2023,148. adidas Offers Customizable Jersey Design for Soccer Teams ,still open
Adidas,03/08/2023,149. adidas Announces Plans for Expansion in Australia ,still open
Adidas,03/08/2023,150. adidas Collaborates with High-Profile Artist for Clothing Collection ,still open
Adidas,03/08/2023,151. adidas Unveils New High-Tech Football Sneakers ,still open
Adidas,03/08/2023,152. adidas Partners with Major Sports League ,still open
Adidas,03/08/2023,153. adidas Launches New Line of Running Compression Shorts ,still open
Adidas,03/08/2023,154. adidas Offers Revolutionary New Design for Tennis Shoes ,still open
Adidas,03/08/2023,155. adidas Announces New Partnership with International Basketball Star ,still open
Adidas,03/08/2023,156. adidas Collaborates with Innovative Photographer for Clothing Line ,still open
Adidas,03/08/2023,157. adidas Reveals New Materials for Eco-Friendly Clothing ,still open
Adidas,03/08/2023,158. adidas Teams Up with Famous Director for Clothing Line ,still open
Adidas,03/08/2023,159. adidas Launches New High-Tech Soccer Apparel for Women ,still open
Adidas,03/08/2023,160. adidas Offers Customizable Sneaker Designs for Kids ,still open
Adidas,03/08/2023,161. adidas Announces Plans for Expansion in Russia ,still open
Adidas,03/08/2023,162. adidas Collaborates with Popular Artist for Sneaker Line ,still open
Adidas,03/08/2023,163. adidas Unveils New Sustainable Clothing Production Facility ,still open
Adidas,03/08/2023,164. adidas Partners with Top Soccer Club in Europe ,still open
Adidas,03/08/2023,165. adidas Launches New Line of Running Backpacks ,still open
Adidas,03/08/2023,166. adidas Reveals Revolutionary New Hockey Apparel Design ,still open
Adidas,03/08/2023,167. adidas Offers Customizable Soccer Cleat Designs ,still open
Adidas,03/08/2023,168. adidas Announces Plans for Expansion in South America ,still open
Adidas,03/08/2023,169. adidas Collaborates with Famous Street Photographer for Clothing Line ,still open
Adidas,03/08/2023,170. adidas Works with Innovative Technology Company for Sneaker Collection ,still open
Adidas,03/08/2023,171. adidas Unveils New Materials for High-Performance Athletic Clothing ,still open
Adidas,03/08/2023,172. adidas Teams Up with Famous DJ for Clothing Line ,still open
Adidas,03/08/2023,173. adidas Launches New High-Tech Rugby Apparel ,still open
Adidas,03/08/2023,174. adidas Offers Customizable Soccer Uniform Designs ,still open
Adidas,03/08/2023,175. adidas Announces Plans for Expansion in Southeast Asia ,still open
Adidas,03/08/2023,176. adidas Collaborates with Local Designer for Sneaker Line ,still open
Adidas,03/08/2023,177. adidas Unveils Revolutionary New Materials for Athletic Gear ,still open
Adidas,03/08/2023,178. adidas Partners with Major European Soccer League ,still open
Adidas,03/08/2023,179. adidas Launches New Line of Athletic Track Pants ,still open
Adidas,03/08/2023,180. adidas Announces Plans for Expansion in Middle East ,still open
Adidas,03/08/2023,181. adidas Collaborates with Popular Comedian for Clothing Line ,still open
Adidas,03/08/2023,182. adidas Works with High-Profile Fashion House for Sneaker Collection ,still open
Adidas,03/08/2023,183. adidas Releases Innovative New Fitness Tracker ,still open
Adidas,03/08/2023,184. adidas Offers Revolutionary New Design for Baseball Cleats ,still open
Adidas,03/08/2023,185. adidas Announces Partnership with Major International Soccer Tournament ,still open
Adidas,03/08/2023,186. adidas Launches New High-Tech Tennis Apparel ,still open
Adidas,03/08/2023,187. adidas Reveals New Sustainable Materials for Athlete Clothing ,still open
Adidas,03/08/2023,188. adidas Teams Up with Famous TV Personality for Clothing Line ,still open
Adidas,03/08/2023,189. adidas Unveils New High-Tech Volleyball Shoes ,still open
Adidas,03/08/2023,190. adidas Offers Customizable Training Gear Designs ,still open
Adidas,03/08/2023,191. adidas Announces Plans for Expansion in North America ,still open
Adidas,03/08/2023,192. adidas Collaborates with Iconic Skateboarder for Sneaker Collection ,still open
Adidas,03/08/2023,193. adidas Works with Famous DJ for Clothing Line ,still open
Adidas,03/08/2023,194. adidas Launches New Line of Athletic Leggings for Women ,still open
Adidas,03/08/2023,195. adidas Offers Customizable Basketball Jerseys for Teams ,still open
Adidas,03/08/2023,196. adidas Announces Partnership with Top Soccer Club in Asia ,still open
Adidas,03/08/2023,197. adidas Reveals Innovative New Materials for Athletic Safety Gear ,still open
Adidas,03/08/2023,198. adidas Collaborates with Popular Band for Clothing Collection ,still open
Adidas,03/08/2023,199. adidas Unveils Revolutionary New Design for Running Sneakers ,still open
Adidas,03/08/2023,200. adidas Teams Up with Major Sports Network for Clothing Line.,still open
