Airbus,03/08/2023,1. Airbus liefert uber 800 Flugzeuge im Jahr 2019 aus,still open
Airbus,03/08/2023,2. Airbus verzeichnet Rekordumsatz von 63 Milliarden Euro im Jahr 2019,still open
Airbus,03/08/2023,3. Airbus entwickelt neues Flugzeugmodell A321XLR,still open
Airbus,03/08/2023,4. Airbus erhalt Auftrag uber 100 Flugzeuge von Air Arabia,still open
Airbus,03/08/2023,5. Emirates bestellt 50 neue Airbus A350 Flugzeuge,still open
Airbus,03/08/2023,6. Airbus testet autonom fliegende Lufttaxis,still open
Airbus,03/08/2023,7. Airbus liefert weltweit erster A350 an Air France aus,still open
Airbus,03/08/2023,8. Airbus stellt A220 Flugzeugfamilie vor,still open
Airbus,03/08/2023,9. Airbus prasentiert erste Airbus A380 als VIP-Flugzeug,still open
Airbus,03/08/2023,10. Airbus testet neues Hybridflugzeug mit Elektroantrieb,still open
Airbus,03/08/2023,11. Qatar Airways erhalt erste Airbus A350-1000,still open
Airbus,03/08/2023,12. Airbus sichert sich Auftrag uber 60 Flugzeuge von Cebu Pacific,still open
Airbus,03/08/2023,13. Airbus A380 verlasst die Flotte von Lufthansa,still open
Airbus,03/08/2023,14. Airbus und Boeing liefern sich Kampf um Kanadas Air-Force-Auftrag,still open
Airbus,03/08/2023,15. Airbus prasentiert neues Flugzeugdesign mit geteiltem Flugel,still open
Airbus,03/08/2023,16. Airbus und Safran arbeiten an Hybrid-Antrieb fur Flugzeuge,still open
Airbus,03/08/2023,17. Airbus A330 Neo absolviert erfolgreich Testflug,still open
Airbus,03/08/2023,18. Airbus testet neues selbstfliegendes Flugzeugkonzept,still open
Airbus,03/08/2023,19. Airbus erhalt Auftrag uber 80 Flugzeuge von Wizz Air,still open
Airbus,03/08/2023,20. British Airways erhalt erste Airbus A350-1000,still open
Airbus,03/08/2023,21. Airbus entwickelt leistungsfahigsten Hubschrauber der Welt,still open
Airbus,03/08/2023,22. Airbus A320neo absolviert erfolgreich Testfluge,still open
Airbus,03/08/2023,23. Airbus und Rolls-Royce arbeiten an elektrischem Flugantrieb,still open
Airbus,03/08/2023,24. Airbus stellt neues, umweltschonendes Flugzeug vor,still open
Airbus,03/08/2023,25. Airbus gewinnt Auftrag uber 50 Flugzeuge von Delta Airlines,still open
Airbus,03/08/2023,26. Airbus A350-1000: Der langste Airbus ist bereit fur den Einsatz ,still open
Airbus,03/08/2023,27. Airbus A330-200F liefert hochste Nutzlast der Langstreckenflugzeuge,still open
Airbus,03/08/2023,28. Airbus testet Solarflugzeug Zephyr, das bis zu 45 Tage in der Luft bleiben kann,still open
Airbus,03/08/2023,29. Airbus und Audi prasentieren gemeinsam Lufttaxi-Konzept,still open
Airbus,03/08/2023,30. A321neoLR macht den langsten Flug mit einem Schmalrumpfflugzeug,still open
Airbus,03/08/2023,31. Airbus verkauft bis zu 430 Flugzeuge an Indigo Partners,still open
Airbus,03/08/2023,32. Airbus ernennt neuen CEO Guillaume Faury,still open
Airbus,03/08/2023,33. Airbus stoppt Produktion des A380 nach ausbleibenden Bestellungen,still open
Airbus,03/08/2023,34. Airbus und Rolls-Royce testen Schubvektorregelung fur Flugzeuge,still open
Airbus,03/08/2023,35. Airbus erhalt Rekordauftrag uber 430 Flugzeuge von Indigo Partners,still open
Airbus,03/08/2023,36. Airbus stellt neues Konzept fur autonome Drohnen vor,still open
Airbus,03/08/2023,37. Airbus prasentiert erstes Flugzeug mit Hologramm-Kabine,still open
Airbus,03/08/2023,38. Lufthansa bestellt 40 neue Airbus A320neo Flugzeuge,still open
Airbus,03/08/2023,39. Airbus schliesst Produktionsstandort in Finkenwerder,still open
Airbus,03/08/2023,40. Airbus entwickelt neues Flugzeug fur US Air-Force-Tarnkappenprogramm,still open
Airbus,03/08/2023,41. Airbus prasentiert neues Design fur Flugzeugfenster,still open
Airbus,03/08/2023,42. Airbus erhalt Auftrag fur 25 ACJ-Class-Flugzeuge,still open
Airbus,03/08/2023,43. Airbus und Siemens testen Flugzeug mit Hybrid-Antrieb,still open
Airbus,03/08/2023,44. Airbus A380: Das neue Flaggschiff der Lufthansa-Flotte,still open
Airbus,03/08/2023,45. Airbus stellt neues Flugzeug fur Kurzstreckenfluge vor,still open
Airbus,03/08/2023,46. Airbus liefert 50 Flugzeuge an Kuwait Airways aus,still open
Airbus,03/08/2023,47. Airbus testet Flugzeug mit Drohne als Bordpersonal,still open
Airbus,03/08/2023,48. Airbus stellt neues Konzept fur Raumfahrt und Weltraumforschung vor,still open
Airbus,03/08/2023,49. Turkish Airlines bestellt 50 neue Airbus A350 Flugzeuge,still open
Airbus,03/08/2023,50. Airbus A380: Grosstes Passagierflugzeug der Welt feiert Jubilaum,still open
Airbus,03/08/2023,51. Airbus und Rolls-Royce stellen neues Konzept fur leises Fliegen vor,still open
Airbus,03/08/2023,52. Airbus A320 Family: Erfolgreichste Flugzeugfamilie aller Zeiten,still open
Airbus,03/08/2023,53. Airbus testet autonome Passagierdrohne,still open
Airbus,03/08/2023,54. Airbus erhalt Auftrag uber 56 Flugzeuge von Viva Air,still open
Airbus,03/08/2023,55. Airbus stellt revolutionare zylindrische Kabinenkonzepte vor,still open
Airbus,03/08/2023,56. Airbus und Intel kooperieren bei intelligenter Flugzeugfertigung,still open
Airbus,03/08/2023,57. Airbus testet neues Luftfahrwerk-System fur Flugzeuge,still open
Airbus,03/08/2023,58. Airbus bringt neuen A330neo mit hoherer Reichweite auf den Markt,still open
Airbus,03/08/2023,59. Airbus und Rolls-Royce arbeiten an neuem Turbofan-Flugtriebwerk,still open
Airbus,03/08/2023,60. Airbus stellt Konzept fur 500 Passagiere fassendes Flugzeug vor,still open
Airbus,03/08/2023,61. Airbus A320neo: Die grune Revolution des Fliegens,still open
Airbus,03/08/2023,62. Airbus prasentiert neues Flugzeug mit umweltfreundlichem Wasserstoffantrieb,still open
Airbus,03/08/2023,63. Airbus grundet Tochtergesellschaft fur Drohnen,still open
Airbus,03/08/2023,64. Airbus A350: Der Flugzeugtraum aller Piloten?,still open
Airbus,03/08/2023,65. Airbus erhalt Auftrag uber 46 neue A320neo Flugzeuge von JetBlue,still open
Airbus,03/08/2023,66. Airbus testet autonom fliegende Frachtflugzeuge,still open
Airbus,03/08/2023,67. Airbus stellt neues Flugzeug mit transparenten Kabinenwanden vor,still open
Airbus,03/08/2023,68. Airbus entwickelt Drohnenschutzsystem fur zivile Flughafen,still open
Airbus,03/08/2023,69. Airbus liefert neue A320neo-Flugzeuge an GoAir,still open
Airbus,03/08/2023,70. Airbus prasentiert futuristisches Flugzeug-Konzept mit modularen Kabinen,still open
Airbus,03/08/2023,71. Airbus A380: Die Ingenieursleistung der Superlative,still open
Airbus,03/08/2023,72. Airbus und Lockheed Martin entwickeln neues Luftkampfsystem,still open
Airbus,03/08/2023,73. Airbus A320neo: Ein Flugzeug mit Zukunft,still open
Airbus,03/08/2023,74. Airbus testet Drohne mit niedrigem Larmpegel,still open
Airbus,03/08/2023,75. Airbus A330: Eine Erfolgsgeschichte mit Zukunft,still open
Airbus,03/08/2023,76. Airbus entwickelt autonome Passagierdrone fur den Stadtverkehr,still open
Airbus,03/08/2023,77. Airbus liefert neue Flugzeuge an AirAsia,still open
Airbus,03/08/2023,78. Airbus stellt Lufttaxi-Projekt CityAirbus vor,still open
Airbus,03/08/2023,79. Airbus und Boeing kampfen um Milliardenauftrag von United Airlines,still open
Airbus,03/08/2023,80. Airbus stellt neues Flugzeugkonzept mit Kabinen-Balkon vor,still open
Airbus,03/08/2023,81. Airbus testet neues Luftfahrwerk-System fur hohere Effizienz,still open
Airbus,03/08/2023,82. Airbus A350-1000: Neues Flaggschiff der Qatar Airways-Flotte,still open
Airbus,03/08/2023,83. Airbus entwickelt Flugzeugkabine mit umweltfreundlichem Bioplastik,still open
Airbus,03/08/2023,84. Airbus liefert neuen A320neo an Hong Kong Airlines,still open
Airbus,03/08/2023,85. Airbus testet autonome Drohnen fur Lieferungen,still open
Airbus,03/08/2023,86. Airbus entwickelt neuartige Flugzeugfenster mit integrierten Displays,still open
Airbus,03/08/2023,87. Airbus stellt neues Konzept fur schnelles, umweltfreundliches Fliegen vor,still open
Airbus,03/08/2023,88. Airbus A380: Das grosste Passagierflugzeug der Welt im Einsatz,still open
Airbus,03/08/2023,89. Airbus und Boeing entwerfen neues Ãœberschall-Luftfahrzeug,still open
Airbus,03/08/2023,90. Airbus A330neo: Das neue Kraftpaket der Langstreckenflotte,still open
Airbus,03/08/2023,91. Airbus entwickelt autonome Flugsteuerung fur Frachtflugzeuge,still open
Airbus,03/08/2023,92. Airbus liefert neue A321neo an JetBlue Airways,still open
Airbus,03/08/2023,93. Airbus und Rolls-Royce testen elektrisch angetriebenes Luftfahrzeug,still open
Airbus,03/08/2023,94. Airbus prasentiert Prototyp eines autonomen Passagierflugzeugs,still open
Airbus,03/08/2023,95. Airbus stellt neues Kabinendesign mit virtuellen Fenstern vor,still open
Airbus,03/08/2023,96. Airbus und Boeing kampfen um Auftrag von United Airlines,still open
Airbus,03/08/2023,97. Airbus testet autonome Lieferdrohnen,still open
Airbus,03/08/2023,98. Airbus und Rolls-Royce entwickeln neuen Turbofan-Antrieb,still open
Airbus,03/08/2023,99. Airbus A320neo: Langster Flug mit einem Schmalrumpfflugzeug,still open
Airbus,03/08/2023,100. Airbus A380: Das grosste Passagierflugzeug der Welt im Testflug,still open
Airbus,03/08/2023,101. Airbus prasentiert neues Lufttaxi-Konzept mit senkrecht startendem Flugzeug,still open
Airbus,03/08/2023,102. Airbus liefert neue A320neo an Korean Air,still open
Airbus,03/08/2023,103. Airbus und Safran entwickeln neues Triebwerkssystem,still open
Airbus,03/08/2023,104. Airbus entwickelt neues Hochgeschwindigkeitsflugzeugkonzept,still open
Airbus,03/08/2023,105. Airbus stellt neues Flugzeugkonzept mit vorwarts gerichteten Triebwerken vor,still open
Airbus,03/08/2023,106. Airbus und Siemens arbeiten an neuem Flugantrieb,still open
Airbus,03/08/2023,107. Airbus liefert neue Flugzeuge an Delta Airlines,still open
Airbus,03/08/2023,108. Airbus prasentiert neues Flugzeugkonzept mit Solarantrieb,still open
Airbus,03/08/2023,109. Airbus A320neo: Die Zukunft des Fliegens?,still open
Airbus,03/08/2023,110. Airbus testet autonome Passagierdrohne in Dubai,still open
Airbus,03/08/2023,111. Airbus und Rolls-Royce arbeiten an neuem Flugtriebwerk,still open
Airbus,03/08/2023,112. Airbus stellt neues Kabinendesign mit Schlafbereichen vor,still open
Airbus,03/08/2023,113. Airbus liefert neue A350 Flugzeuge an Singapore Airlines,still open
Airbus,03/08/2023,114. Airbus testet autonome Frachtflugzeuge,still open
Airbus,03/08/2023,115. Airbus und Siemens entwickeln neues Elektroflugzeug,still open
Airbus,03/08/2023,116. Airbus prasentiert neues Flugzeugkonzept mit Supercomputer-Steuerung,still open
Airbus,03/08/2023,117. Airbus entwickelt neues Drohnenschutzsystem fur Flughafen,still open
Airbus,03/08/2023,118. Airbus liefert neue Flugzeuge an Delta Air Lines,still open
Airbus,03/08/2023,119. Airbus stellt neues Flugzeugkonzept mit Robotern vor,still open
Airbus,03/08/2023,120. Airbus testet autonomes Passagierflugzeug,still open
Airbus,03/08/2023,121. Airbus und Rolls-Royce untersuchen neue Triebwerkskonzepte,still open
Airbus,03/08/2023,122. Airbus liefert neue Flugzeuge an die chinesische Airline Juneyao,still open
Airbus,03/08/2023,123. Airbus prasentiert neues Konzept fur umweltfreundliche Flugzeugtypen,still open
Airbus,03/08/2023,124. Airbus A350: Eine Flugzeuggeneration zum Anfassen ,still open
Airbus,03/08/2023,125. Airbus testet Drohnen-System zur Versorgung entlegener Gebiete,still open
Airbus,03/08/2023,126. Airbus und Boeing kampfen um Auftrag von Delta Airlines,still open
Airbus,03/08/2023,127. Airbus stellt neues Konzept fur ultraleichte Flugzeuge vor,still open
Airbus,03/08/2023,128. Airbus A319neo: Kleinster Flieger, grosse Wirkung,still open
Airbus,03/08/2023,129. Airbus liefert neue A320neo an easyJet,still open
Airbus,03/08/2023,130. Airbus testet autonome Drohnen fur militarische Zwecke,still open
Airbus,03/08/2023,131. Airbus prasentiert neues Konzept fur schnellere Passagierflugzeuge,still open
Airbus,03/08/2023,132. Airbus stellt neues Flugzeugkonzept mit Hybrid-Antrieb vor,still open
Airbus,03/08/2023,133. Airbus und Rolls-Royce testen neues Drohnen-Triebwerk,still open
Airbus,03/08/2023,134. Airbus liefert neue Flugzeuge an Cathay Pacific,still open
Airbus,03/08/2023,135. Airbus entwickelt Drohnenschutzsystem fur Stadte,still open
Airbus,03/08/2023,136. Airbus A320: Eine Erfolgsgeschichte auf Reisen,still open
Airbus,03/08/2023,137. Airbus prasentiert neues Konzept fur vernetzte Flugzeugkabinen,still open
Airbus,03/08/2023,138. Airbus und Boeing kampfen um milliardenschweren Auftrag von Air India,still open
Airbus,03/08/2023,139. Airbus und Rolls-Royce testen neue Generation von Triebwerken,still open
Airbus,03/08/2023,140. Airbus liefert neue Airbus A220 Flugzeuge an Delta Air Lines,still open
Airbus,03/08/2023,141. Airbus stellt neues Konzept fur selbstfliegende Flugzeuge vor,still open
Airbus,03/08/2023,142. Airbus und Boeing kampfen um Auftrag von Southwest Airlines,still open
Airbus,03/08/2023,143. Airbus testet Drohnenschutzsysteme fur den Hochgeschwindigkeitsverkehr,still open
Airbus,03/08/2023,144. Airbus A330neo: Ein Meilenstein in der Langstreckenflugzeugfamilie,still open
Airbus,03/08/2023,145. Airbus liefert neue A320neo an Lufthansa,still open
Airbus,03/08/2023,146. Airbus prasentiert Konzept fur selbstreinigende Flugzeugkabinen,still open
Airbus,03/08/2023,147. Airbus stellt neues Flugzeugkonzept mit Brennstoffzellentechnologie vor,still open
Airbus,03/08/2023,148. Airbus und Rolls-Royce testen neues Elektroantriebssystem,still open
Airbus,03/08/2023,149. Airbus liefert neue Flugzeuge an Qatar Airways,still open
Airbus,03/08/2023,150. Airbus A320neo: Ein Flugzeug mit Zukunft,still open
Airbus,03/08/2023,151. Airbus testet autonomen Frachttransport zwischen Stadten,still open
Airbus,03/08/2023,152. Airbus und Boeing kampfen um Auftrag von Southwest Airlines,still open
Airbus,03/08/2023,153. Airbus stellt neues Konzept fur hybride Drohnen vor,still open
Airbus,03/08/2023,154. Airbus liefert neue Flugzeuge an China Eastern Airlines,still open
Airbus,03/08/2023,155. Airbus prasentiert Konzept fur autonome Flugtaxis,still open
Airbus,03/08/2023,156. Airbus stellt neues Flugzeugkonzept mit V-formigen Flugeln vor,still open
Airbus,03/08/2023,157. Airbus und Rolls-Royce testen neues Turboprop-Triebwerk,still open
Airbus,03/08/2023,158. Airbus liefert neue A330neo Flugzeuge an Delta Air Lines,still open
Airbus,03/08/2023,159. Airbus A380: Das grosste Passagierflugzeug der Welt im Einsatz,still open
Airbus,03/08/2023,160. Airbus testet autonome Grundverkehrsfahrzeuge fur Flughafen,still open
Airbus,03/08/2023,161. Airbus und Boeing kampfen um Auftrag von Air France-KLM,still open
Airbus,03/08/2023,162. Airbus entwickelt Drohnenschutzsystem fur Stadion- und Veranstaltungsgelande,still open
Airbus,03/08/2023,163. Airbus stellt neues Flugzeugkonzept mit Hybrid-Antrieb vor,still open
Airbus,03/08/2023,164. Airbus A350-1000: Grosstes Flugzeug von Airbus feiert Premiere,still open
Airbus,03/08/2023,165. Airbus liefert neue A220 Flugzeuge an Delta Air Lines,still open
Airbus,03/08/2023,166. Airbus prasentiert Konzept fur autonome Passagierdrohnen,still open
Airbus,03/08/2023,167. Airbus testet autonome Frachttransporte auf Flughafen,still open
Airbus,03/08/2023,168. Airbus stellt neues Konzept fur elektrisch angetriebene Lufttaxis vor,still open
Airbus,03/08/2023,169. Airbus und Rolls-Royce arbeiten an innovativen Turbofan-Antriebskonzepten,still open
Airbus,03/08/2023,170. Airbus liefert neue Flugzeuge an Iberia,still open
Airbus,03/08/2023,171. Airbus A320neo: Ein Flugzeug, das die Umwelt schont,still open
Airbus,03/08/2023,172. Airbus testet Drohnenschutzsysteme fur Grossveranstaltungen,still open
Airbus,03/08/2023,173. Airbus und Boeing kampfen um milliardenschweren Auftrag von Ryanair,still open
Airbus,03/08/2023,174. Airbus stellt neues Flugzeugkonzept mit Wasserstoffantrieb vor,still open
Airbus,03/08/2023,175. Airbus und Rolls-Royce testen neues Flugantriebssystem fur Passagierflugzeuge,still open
Airbus,03/08/2023,176. Airbus prasentiert Konzept fur autonome Flugzeugwartung,still open
Airbus,03/08/2023,177. Airbus liefert neue Flugzeuge an China Airlines,still open
Airbus,03/08/2023,178. Airbus A400M: Der europaische Luft-Riesen,still open
Airbus,03/08/2023,179. Airbus testet Drohnenschutzsystem fur Atomkraftwerke,still open
Airbus,03/08/2023,180. Airbus und Boeing kampfen um Auftrag von Flydubai,still open
Airbus,03/08/2023,181. Airbus stellt neues Konzept fur superschnelle Passagierflugzeuge vor,still open
Airbus,03/08/2023,182. Airbus liefert neue A350-1000 an Vietnam Airlines,still open
Airbus,03/08/2023,183. Airbus prasentiert neues Flugzeugkonzept mit elektrischer Luftturbine,still open
Airbus,03/08/2023,184. Airbus und Rolls-Royce testen hybriden Flugantrieb mit zusatzlicher Batterieenergie,still open
Airbus,03/08/2023,185. Airbus liefert neue Flugzeuge fur die australische Qantas Airways,still open
Airbus,03/08/2023,186. Airbus testet Drohnen mit hoher Nutzlast fur Transportzwecke,still open
Airbus,03/08/2023,187. Airbus und Boeing kampfen um milliardenschweren Auftrag von Turkish Airlines,still open
Airbus,03/08/2023,188. Airbus stellt neues Konzept fur autonome Wartungsroboter vor,still open
Airbus,03/08/2023,189. Airbus A320neo: Weltrauminvestoren setzen auf okonomische Zukunft,still open
Airbus,03/08/2023,190. Airbus liefert neue Flugzeuge an Thai Airways,still open
Airbus,03/08/2023,191. Airbus prasentiert neues Konzept fur leise Flugzeugkabine,still open
Airbus,03/08/2023,192. Airbus und Rolls-Royce testen elektrisch angetriebene Passagierdrohne,still open
Airbus,03/08/2023,193. Airbus testet innovative Sicherheitskonzepte fur autonome Drohnen,still open
Airbus,03/08/2023,194. Airbus liefert neue A220 Flugzeuge an JetBlue,still open
Airbus,03/08/2023,195. Airbus und Boeing kampfen um Auftrag von AirAsia,still open
Airbus,03/08/2023,196. Airbus stellt neues Konzept fur autonome Flug- und Frachtdrohnen vor,still open
Airbus,03/08/2023,197. Airbus entwickelt Drohnenschutzsystem fur Krankenhauser,still open
Airbus,03/08/2023,198. Airbus liefert neue Flugzeuge an Asiana Airlines,still open
Airbus,03/08/2023,199. Airbus prasentiert Konzept fur umweltfreundliche autonome Frachtflugzeuge,still open
Airbus,03/08/2023,200. Airbus und Rolls-Royce testen neues Antriebskonzept fur grosse Passagierflugzeuge,still open
