Allianz,03/08/2023,1. Allianz startet neues Venture zur Forderung von Start-ups.,still open
Allianz,03/08/2023,2. Allianz kundigt massiven Stellenabbau an.,still open
Allianz,03/08/2023,3. Allianz schliesst sich den Bemuhungen zur Eindammung des Klimawandels an.,still open
Allianz,03/08/2023,4. Allianz verkauft Vermogensverwaltungssparte.,still open
Allianz,03/08/2023,5. Allianz stellt neuen CEO vor.,still open
Allianz,03/08/2023,6. Allianz sponsert Olympische Spiele.,still open
Allianz,03/08/2023,7. Allianz startet Aktienruckkaufprogramm.,still open
Allianz,03/08/2023,8. Allianz verzeichnet Rekordgewinn im Geschaftsjahr 2020.,still open
Allianz,03/08/2023,9. Allianz bietet neues Versicherungspaket fur Unternehmen an.,still open
Allianz,03/08/2023,10. Allianz steigt in den Markt fur Elektromobilitat ein.,still open
Allianz,03/08/2023,11. Allianz grundet Tochtergesellschaft fur digitale Bankdienstleistungen.,still open
Allianz,03/08/2023,12. Allianz kauft Anteile am niederlandischen Versicherer ASR.,still open
Allianz,03/08/2023,13. Allianz teilt Vorhaben zur Reduzierung von CO2-Emissionen mit.,still open
Allianz,03/08/2023,14. Allianz baut Prasenz in Asien aus.,still open
Allianz,03/08/2023,15. Allianz und Deutsche Bank vereinbaren gemeinsame Investmentstrategie.,still open
Allianz,03/08/2023,16. Allianz investiert in innovative Technologien.,still open
Allianz,03/08/2023,17. Allianz stellt digitale Plattform fur Versicherungsvermittler vor.,still open
Allianz,03/08/2023,18. Allianz fuhrt neues Bonusprogramm fur Versicherte ein.,still open
Allianz,03/08/2023,19. Allianz sponsert renommiertes Kunstfestival.,still open
Allianz,03/08/2023,20. Allianz kauft Versicherer PIMCO.,still open
Allianz,03/08/2023,21. Allianz gibt neue Partnerschaft mit Autohersteller bekannt.,still open
Allianz,03/08/2023,22. Allianz fuhrt neues Risikomanagement-Tool ein.,still open
Allianz,03/08/2023,23. Allianz will den Anteil erneuerbarer Energien in seinem Portfolio erhohen.,still open
Allianz,03/08/2023,24. Allianz und BMW bieten gemeinsame Kfz-Versicherungen an.,still open
Allianz,03/08/2023,25. Allianz startet neues Online-Portal fur Kunden.,still open
Allianz,03/08/2023,26. Allianz investiert in Infrastrukturprojekte.,still open
Allianz,03/08/2023,27. Allianz kauft Versicherungsmakler-Netzwerk.,still open
Allianz,03/08/2023,28. Allianz startet neues Cyber-Versicherungsangebot.,still open
Allianz,03/08/2023,29. Allianz fuhrt neue Krankenversicherungen ein.,still open
Allianz,03/08/2023,30. Allianz und Telefonica kooperieren bei der Entwicklung von 5G-Netzwerken.,still open
Allianz,03/08/2023,31. Allianz und SAP vereinbaren Partnerschaft im Bereich der Digitalisierung.,still open
Allianz,03/08/2023,32. Allianz baut Prasenz in Lateinamerika aus.,still open
Allianz,03/08/2023,33. Allianz will seine Investitionen in erneuerbare Energien verdoppeln.,still open
Allianz,03/08/2023,34. Allianz kauft weiteres Unternehmen im Bereich der Vermogensverwaltung.,still open
Allianz,03/08/2023,35. Allianz schliesst Partnerschaft mit Google.,still open
Allianz,03/08/2023,36. Allianz und China Insurance starten gemeinsame Versicherungsgesellschaft.,still open
Allianz,03/08/2023,37. Allianz stellt neues Versicherungsprodukt fur Drohnenbesitzer vor.,still open
Allianz,03/08/2023,38. Allianz und Audi entwickeln gemeinsam autonomes Fahren.,still open
Allianz,03/08/2023,39. Allianz will seine Digitalisierungsstrategie beschleunigen.,still open
Allianz,03/08/2023,40. Allianz investiert in sozialem Wohnungsbau.,still open
Allianz,03/08/2023,41. Allianz weitet sein Engagement im Bereich der kunstlichen Intelligenz aus.,still open
Allianz,03/08/2023,42. Allianz sponsert WM im Skifahren.,still open
Allianz,03/08/2023,43. Allianz gibt neue Partnerschaft mit Weltfussballverband FIFA bekannt.,still open
Allianz,03/08/2023,44. Allianz startet neues Versicherungspaket fur Selbstfahrer-Autos.,still open
Allianz,03/08/2023,45. Allianz eroffnet neues Buro in Dubai.,still open
Allianz,03/08/2023,46. Allianz kauft Anteile an Start-up fur Photovoltaik.,still open
Allianz,03/08/2023,47. Allianz startet neues Versicherungspaket fur E-Sportler.,still open
Allianz,03/08/2023,48. Allianz will bis 2050 klimaneutral sein.,still open
Allianz,03/08/2023,49. Allianz startet neues Cyber-Versicherungspaket fur kleine Unternehmen.,still open
Allianz,03/08/2023,50. Allianz gibt bekannt, dass es in den Dow Jones Industrial Average aufgenommen wird.,still open
Allianz,03/08/2023,51. Allianz will das wachsende Geschaft mit Haustierversicherungen erschliessen.,still open
Allianz,03/08/2023,52. Allianz fuhrt neues Musterdepot fur Aktien ein.,still open
Allianz,03/08/2023,53. Allianz investiert in digitale Finanzdienstleistungen.,still open
Allianz,03/08/2023,54. Allianz kauft Anteile an niederlandischem FinTech-Unternehmen.,still open
Allianz,03/08/2023,55. Allianz will sein Versicherungsgeschaft in Afrika ausbauen.,still open
Allianz,03/08/2023,56. Allianz startet neues Fondskonzept fur nachhaltige Investitionen.,still open
Allianz,03/08/2023,57. Allianz fuhrt neues Kurzzeitversicherungspaket fur Reisende ein.,still open
Allianz,03/08/2023,58. Allianz und Amazon kooperieren bei der Entwicklung von Alexa-Skills im Versicherungsbereich.,still open
Allianz,03/08/2023,59. Allianz investiert in Bauprojekte mit hoher Energieeffizienz.,still open
Allianz,03/08/2023,60. Allianz startet neues Versicherungspaket fur Freiberufler.,still open
Allianz,03/08/2023,61. Allianz fuhrt neues Versicherungsprodukt fur autonome Fahrzeuge ein.,still open
Allianz,03/08/2023,62. Allianz investiert in Buchhaltungs-Start-up.,still open
Allianz,03/08/2023,63. Allianz baut Prasenz in Sudostasien aus.,still open
Allianz,03/08/2023,64. Allianz startet neues Versicherungspaket fur Fahrradfahrer.,still open
Allianz,03/08/2023,65. Allianz sponsert Paralympische Spiele.,still open
Allianz,03/08/2023,66. Allianz fuhrt neue Anlageprodukte fur Privatkunden ein.,still open
Allianz,03/08/2023,67. Allianz investiert in soziale Projekte.,still open
Allianz,03/08/2023,68. Allianz weitet sein Angebot fur private Krankenversicherungen aus.,still open
Allianz,03/08/2023,69. Allianz kauft Anteile an osterreichischer Beteiligungsgesellschaft.,still open
Allianz,03/08/2023,70. Allianz startet neues Online-Portal fur Investmentfonds.,still open
Allianz,03/08/2023,71. Allianz fuhrt neue Versicherungsprodukte fur Privatkunden ein.,still open
Allianz,03/08/2023,72. Allianz kauft Anteile an Start-up fur Robotik.,still open
Allianz,03/08/2023,73. Allianz will seine Digitalisierungsstrategie in Europa beschleunigen.,still open
Allianz,03/08/2023,74. Allianz startet neues Versicherungspaket fur Sportler.,still open
Allianz,03/08/2023,75. Allianz sponsert Europameisterschaft im Hockey.,still open
Allianz,03/08/2023,76. Allianz investiert in Cloud-Computing.,still open
Allianz,03/08/2023,77. Allianz fuhrt neues Versicherungspaket fur Golfer ein.,still open
Allianz,03/08/2023,78. Allianz kauft Anteile an finnischem Start-up fur Mobilitatsdienste.,still open
Allianz,03/08/2023,79. Allianz will sein Engagement im Bereich der erneuerbaren Energien verstarken.,still open
Allianz,03/08/2023,80. Allianz startet neues Versicherungspaket fur Yachtbesitzer.,still open
Allianz,03/08/2023,81. Allianz fuhrt neue Sparplane fur Privatkunden ein.,still open
Allianz,03/08/2023,82. Allianz investiert in Start-ups im Gesundheitsbereich.,still open
Allianz,03/08/2023,83. Allianz weitet sein Angebot fur rechtsschutzversicherte Privatkunden aus.,still open
Allianz,03/08/2023,84. Allianz kauft Anteile an neuseelandischer Versicherungsgesellschaft.,still open
Allianz,03/08/2023,85. Allianz startet neues Versicherungspaket fur Jager.,still open
Allianz,03/08/2023,86. Allianz sponsert Weltmeisterschaft im Eishockey.,still open
Allianz,03/08/2023,87. Allianz investiert in Blockchain-Technologie.,still open
Allianz,03/08/2023,88. Allianz fuhrt neue Versicherungsprodukte fur Selbststandige ein.,still open
Allianz,03/08/2023,89. Allianz kauft Anteile an Start-up fur erneuerbare Energien.,still open
Allianz,03/08/2023,90. Allianz will seine Prasenz in Afrika und dem Mittleren Osten ausbauen.,still open
Allianz,03/08/2023,91. Allianz startet neues Versicherungspaket fur Segelflieger.,still open
Allianz,03/08/2023,92. Allianz fuhrt neue Sparplane fur Unternehmen ein.,still open
Allianz,03/08/2023,93. Allianz investiert in Start-ups im Bereich der kunstlichen Intelligenz.,still open
Allianz,03/08/2023,94. Allianz weitet sein Angebot fur private Altersvorsorge aus.,still open
Allianz,03/08/2023,95. Allianz kauft Anteile an deutschem Biotech-Unternehmen.,still open
Allianz,03/08/2023,96. Allianz startet neues Versicherungspaket fur Motorradfahrer.,still open
Allianz,03/08/2023,97. Allianz sponsert Weltcup im Skispringen.,still open
Allianz,03/08/2023,98. Allianz investiert in Start-ups im Bereich der erneuerbaren Energien.,still open
Allianz,03/08/2023,99. Allianz will seine Prasenz in Lateinamerika ausbauen.,still open
Allianz,03/08/2023,100. Allianz fuhrt neue Risikomanagement-Tools fur Unternehmen ein.,still open
Allianz,03/08/2023,101. Allianz kauft Anteile an finnischem Bauunternehmen.,still open
Allianz,03/08/2023,102. Allianz startet neues Versicherungspaket fur Wassersportler.,still open
Allianz,03/08/2023,103. Allianz fuhrt neue Anlageprodukte fur Unternehmen ein.,still open
Allianz,03/08/2023,104. Allianz investiert in Start-ups im Bereich der E-Mobilitat.,still open
Allianz,03/08/2023,105. Allianz weitet sein Angebot fur Versicherungslosungen im Gesundheitsbereich aus.,still open
Allianz,03/08/2023,106. Allianz kauft Anteile an Start-up fur autonome Fahrzeuge.,still open
Allianz,03/08/2023,107. Allianz startet neues Versicherungspaket fur Kletterer.,still open
Allianz,03/08/2023,108. Allianz sponsert Weltmeisterschaft im Volleyball.,still open
Allianz,03/08/2023,109. Allianz investiert in Start-ups im Bereich der virtuellen Realitat.,still open
Allianz,03/08/2023,110. Allianz will seine Prasenz in Asien ausbauen.,still open
Allianz,03/08/2023,111. Allianz fuhrt neue Versicherungsprodukte fur Grunder ein.,still open
Allianz,03/08/2023,112. Allianz kauft Anteile an indischer IT-Firma.,still open
Allianz,03/08/2023,113. Allianz startet neues Versicherungspaket fur Hobbysportler.,still open
Allianz,03/08/2023,114. Allianz fuhrt neue Geschaftskonten fur Unternehmen ein.,still open
Allianz,03/08/2023,115. Allianz investiert in Start-ups im Bereich Fintech.,still open
Allianz,03/08/2023,116. Allianz weitet sein Angebot fur private Pflegeversicherungen aus.,still open
Allianz,03/08/2023,117. Allianz kauft Anteile an Start-up fur autonome Schiffe.,still open
Allianz,03/08/2023,118. Allianz startet neues Versicherungspaket fur Taucher.,still open
Allianz,03/08/2023,119. Allianz sponsert Weltcup im Biathlon.,still open
Allianz,03/08/2023,120. Allianz investiert in Start-ups im Bereich Energieeffizienz.,still open
Allianz,03/08/2023,121. Allianz will seine Prasenz in Nordamerika ausbauen.,still open
Allianz,03/08/2023,122. Allianz fuhrt neue Versicherungsprodukte fur bezahlbaren Wohnraum ein.,still open
Allianz,03/08/2023,123. Allianz kauft Anteile an afrikanischer Versicherungsgesellschaft.,still open
Allianz,03/08/2023,124. Allianz startet neues Versicherungspaket fur Bungee-Jumper.,still open
Allianz,03/08/2023,125. Allianz fuhrt neue Anlageprodukte fur Investoren ein.,still open
Allianz,03/08/2023,126. Allianz investiert in Start-ups im Bereich Drohnen.,still open
Allianz,03/08/2023,127. Allianz weitet sein Angebot fur Hausratversicherungen aus.,still open
Allianz,03/08/2023,128. Allianz kauft Anteile an Start-up fur automatisierte Logistik.,still open
Allianz,03/08/2023,129. Allianz startet neues Versicherungspaket fur Extremsportler.,still open
Allianz,03/08/2023,130. Allianz sponsert Weltmeisterschaft im Radsport.,still open
Allianz,03/08/2023,131. Allianz investiert in Start-ups im Bereich Smart Grid.,still open
Allianz,03/08/2023,132. Allianz will seine Prasenz in Osteuropa ausbauen.,still open
Allianz,03/08/2023,133. Allianz fuhrt neue Versicherungsprodukte fur Sharing Economy ein.,still open
Allianz,03/08/2023,134. Allianz kauft Anteile an chinesischem Biotech-Unternehmen.,still open
Allianz,03/08/2023,135. Allianz startet neues Versicherungspaket fur Wingsuit-Flieger.,still open
Allianz,03/08/2023,136. Allianz fuhrt neue Private Equity-Fonds fur Investoren ein.,still open
Allianz,03/08/2023,137. Allianz investiert in Start-ups im Bereich IoT.,still open
Allianz,03/08/2023,138. Allianz weitet sein Angebot fur Versicherungslosungen im Automobilbereich aus.,still open
Allianz,03/08/2023,139. Allianz kauft Anteile an Startup fur Smart City-Technologie.,still open
Allianz,03/08/2023,140. Allianz startet neues Versicherungspaket fur Skibergsteiger.,still open
Allianz,03/08/2023,141. Allianz sponsert Weltmeisterschaft im Snooker.,still open
Allianz,03/08/2023,142. Allianz investiert in Start-ups im Bereich der Luft- und Raumfahrttechnik.,still open
Allianz,03/08/2023,143. Allianz will seine Prasenz in Australien und Neuseeland ausbauen.,still open
Allianz,03/08/2023,144. Allianz fuhrt neue Versicherungsprodukte fur Produktionsunternehmen ein.,still open
Allianz,03/08/2023,145. Allianz kauft Anteile an japanischem Start-up fur Robotik.,still open
Allianz,03/08/2023,146. Allianz startet neues Versicherungspaket fur Basejumper.,still open
Allianz,03/08/2023,147. Allianz fuhrt neue Anlageprodukte fur institutionelle Investoren ein.,still open
Allianz,03/08/2023,148. Allianz investiert in Start-ups im Bereich der Agrartechnologie.,still open
Allianz,03/08/2023,149. Allianz weitet sein Angebot fur Haftpflichtversicherungen aus.,still open
Allianz,03/08/2023,150. Allianz kauft Anteile an niederlandischem Start-up fur autonome Autos.,still open
Allianz,03/08/2023,151. Allianz startet neues Versicherungspaket fur Bergsteiger.,still open
Allianz,03/08/2023,152. Allianz sponsert Europameisterschaft im Golf.,still open
Allianz,03/08/2023,153. Allianz investiert in Start-ups im Bereich der Medizintechnik.,still open
Allianz,03/08/2023,154. Allianz will seine Prasenz im Nahen Osten ausbauen.,still open
Allianz,03/08/2023,155. Allianz fuhrt neue Versicherungsprodukte fur Kunstwerke und Sammlungen ein.,still open
Allianz,03/08/2023,156. Allianz kauft Anteile an israelischem Start-up fur Biotechnologie.,still open
Allianz,03/08/2023,157. Allianz startet neues Versicherungspaket fur Surf-Enthusiasten.,still open
Allianz,03/08/2023,158. Allianz fuhrt neue Anlageprodukte fur Aktienfonds ein.,still open
Allianz,03/08/2023,159. Allianz investiert in Start-ups im Bereich der Gebaudeautomation.,still open
Allianz,03/08/2023,160. Allianz weitet sein Angebot fur Rechtsschutzversicherungen aus.,still open
Allianz,03/08/2023,161. Allianz kauft Anteile an US-amerikanischem Start-up fur autonome Lkw.,still open
Allianz,03/08/2023,162. Allianz startet neues Versicherungspaket fur Fallschirmspringer.,still open
Allianz,03/08/2023,163. Allianz sponsert Weltmeisterschaft im Beachvolleyball.,still open
Allianz,03/08/2023,164. Allianz investiert in Start-ups im Bereich der Bionik.,still open
Allianz,03/08/2023,165. Allianz will seine Prasenz in Indien ausbauen.,still open
Allianz,03/08/2023,166. Allianz fuhrt neue Versicherungsprodukte fur Online-Handel ein.,still open
Allianz,03/08/2023,167. Allianz kauft Anteile an chinesischem Start-up fur Biotech.,still open
Allianz,03/08/2023,168. Allianz startet neues Versicherungspaket fur Freeride-Skifahrer.,still open
Allianz,03/08/2023,169. Allianz fuhrt neue Anlageprodukte fur festverzinsliche Wertpapiere ein.,still open
Allianz,03/08/2023,170. Allianz investiert in Start-ups im Bereich der Krebsforschung.,still open
Allianz,03/08/2023,171. Allianz weitet sein Angebot fur Mietkautionen aus.,still open
Allianz,03/08/2023,172. Allianz kauft Anteile an franzosischem Start-up fur intelligente Mobilitat.,still open
Allianz,03/08/2023,173. Allianz startet neues Versicherungspaket fur Paraglider.,still open
Allianz,03/08/2023,174. Allianz sponsert Europameisterschaft im Rudern.,still open
Allianz,03/08/2023,175. Allianz investiert in Start-ups im Bereich der Elektrochemie.,still open
Allianz,03/08/2023,176. Allianz will seine Prasenz in Brasilien ausbauen.,still open
Allianz,03/08/2023,177. Allianz fuhrt neue Versicherungsprodukte fur Verkehrsbetriebe ein.,still open
Allianz,03/08/2023,178. Allianz kauft Anteile an japanischem Start-up fur erneuerbare Energien.,still open
Allianz,03/08/2023,179. Allianz startet neues Versicherungspaket fur Helikopter-Piloten.,still open
Allianz,03/08/2023,180. Allianz fuhrt neue Anlageprodukte fur alternativen Investments ein.,still open
Allianz,03/08/2023,181. Allianz investiert in Start-ups im Bereich der optogenetischen Behandlungen.,still open
Allianz,03/08/2023,182. Allianz weitet sein Angebot fur Vermieterversicherungen aus.,still open
Allianz,03/08/2023,183. Allianz kauft Anteile an spanischem Start-up fur autonomes Fahren.,still open
Allianz,03/08/2023,184. Allianz startet neues Versicherungspaket fur Fallschirmjager.,still open
Allianz,03/08/2023,185. Allianz sponsert Weltmeisterschaft im Amateurboxen.,still open
Allianz,03/08/2023,186. Allianz investiert in Start-ups im Bereich der Quantencomputertechnologie.,still open
Allianz,03/08/2023,187. Allianz will seine Prasenz in Sudafrika ausbauen.,still open
Allianz,03/08/2023,188. Allianz fuhrt neue Versicherungsprodukte fur Emittenten ein.,still open
Allianz,03/08/2023,189. Allianz kauft Anteile an US-amerikanischem Start-up fur digitale Gesundheitsversorgung.,still open
Allianz,03/08/2023,190. Allianz startet neues Versicherungspaket fur Wingsuit-Springer.,still open
Allianz,03/08/2023,191. Allianz fuhrt neue Anlageprodukte fur Rohstoffe ein.,still open
Allianz,03/08/2023,192. Allianz investiert in Start-ups im Bereich der Biomimetik.,still open
Allianz,03/08/2023,193. Allianz weitet sein Angebot fur Gewerbeversicherungen aus.,still open
Allianz,03/08/2023,194. Allianz kauft Anteile an schweizerischem Start-up fur autonome Busse.,still open
Allianz,03/08/2023,195. Allianz startet neues Versicherungspaket fur Extremskifahrer.,still open
Allianz,03/08/2023,196. Allianz sponsert Europameisterschaft im Beachsoccer.,still open
Allianz,03/08/2023,197. Allianz investiert in Start-ups im Bereich der Bioelektronik.,still open
Allianz,03/08/2023,198. Allianz will seine Prasenz in Singapur ausbauen.,still open
Allianz,03/08/2023,199. Allianz fuhrt neue Versicherungsprodukte fur Start-ups ein.,still open
Allianz,03/08/2023,200. Allianz kauft Anteile an sudkoreanischem Start-up fur Kunstliche Intelligenz.,still open
