Apple,03/08/2023,Apple stellt bahnbrechenden neuen iPhone-Prototypen vor,still open
Apple,03/08/2023,Apple fuhrt iPad-Revolution mit neuem 12,9-Zoll-Modell an,still open
Apple,03/08/2023,Apple setzt auf erneute Innovation mit neuen AirPods Pro,still open
Apple,03/08/2023,Apple startet Fitness+ Abo-Service fur Apple Watch,still open
Apple,03/08/2023,Apple prasentiert atemberaubendes neues MacBook Pro mit M1-Chip,still open
Apple,03/08/2023,Apple veroffentlicht iOS 15 mit neuen Funktionen und Design-Updates,still open
Apple,03/08/2023,Apple ubertrifft alle Erwartungen mit Rekordumsatz im dritten Quartal,still open
Apple,03/08/2023,Apple kauft fuhrendes KI-Start-up fur Gesichtserkennungstechnologie,still open
Apple,03/08/2023,Apple fuhrt mit dem HomePod eine revolutionare neue Art des Musik-Streamings ein,still open
Apple,03/08/2023,Apple kundigt neues, hochmodernes 5G iPhone an,still open
Apple,03/08/2023,1. Apple verkauft eine rekordverdachtige Anzahl an iPhones in diesem Quartal.,still open
Apple,03/08/2023,2. Das neue iOS-Update von Apple sorgt fur Begeisterung bei Nutzern.,still open
Apple,03/08/2023,3. Apple stellt ein neues iPhone-Modell mit verbesserter Kamera und schnellerem Prozessor vor.,still open
Apple,03/08/2023,4. Der Grunder und langjahrige CEO von Apple, Steve Jobs, wird posthum in die Hall of Fame aufgenommen.,still open
Apple,03/08/2023,5. Apple startet ein neues Programm zur Forderung von Frauen in der Tech-Branche.,still open
Apple,03/08/2023,6. Apple entwickelt eine neue Augmented-Reality-Brille.,still open
Apple,03/08/2023,7. Apple ubertrifft die Erwartungen der Analysten im vierten Quartal und erzielt einen neuen Rekordumsatz.,still open
Apple,03/08/2023,8. Ein bekannter Hacker knackt die Sicherheitsvorkehrungen von Apples Betriebssystem iOS.,still open
Apple,03/08/2023,9. Apple plant den Einstieg in den Markt fur selbstfahrende Autos.,still open
Apple,03/08/2023,10. Apple stellt zum ersten Mal ein MacBook mit einem ARM-Prozessor vor, der von Apple selbst entwickelt wurde.,still open
Apple,03/08/2023,1. Apple setzt neuen Standard fur Kundenerlebnis bei Tech-Unternehmen,still open
Apple,03/08/2023,2. iPhone X: Das revolutionare neue Flaggschiff von Apple,still open
Apple,03/08/2023,3. iOS 11: Neue Funktionen und Verbesserungen fur das iPhone und iPad,still open
Apple,03/08/2023,4. Apple gibt Bekanntgabe von neuesten Macbooks bekannt,still open
Apple,03/08/2023,5. Apple setzt auf biometrische Authentifizierung mit Face ID,still open
Apple,03/08/2023,6. Apple wird zum ersten Billionen-Dollar-Unternehmen der Geschichte,still open
Apple,03/08/2023,7. iPhone 7: Alles was Sie uber die neueste Generation an iPhones wissen mussen,still open
Apple,03/08/2023,8. Apple stosst Microsoft von der Spitze der meistbewerteten Unternehmen,still open
Apple,03/08/2023,9. MacBook Pro 2016: Tests, Preis und Spezifikationen,still open
Apple,03/08/2023,10. Apple Watch: Die Vorstellung des neuesten Wearables von Apple,still open
Apple,03/08/2023,11. iPhone 6s: Alles was Sie uber Apples neues Smartphone wissen mussen,still open
Apple,03/08/2023,12. Apple gibt neue Version von iOS heraus,still open
Apple,03/08/2023,13. Apple erhoht sein Engagement fur die Umwelt,still open
Apple,03/08/2023,14. Apple kaufte die Firma Ariana vor einem Jahr zuruck, um Siri zu verbessern,still open
Apple,03/08/2023,15. Apple teilt Bestriebssystem auf Android-Nutzer,still open
Apple,03/08/2023,16. Apple entfernt Kamera bei den neuen AirPods,still open
Apple,03/08/2023,17. Apple gibt Mac Pro bekannt,still open
Apple,03/08/2023,18. Apple kundigt iPhone 8 an,still open
Apple,03/08/2023,19. Apple stellt neue HomeKit-Komponenten vor,still open
Apple,03/08/2023,20. Apple gibt offizielle Daten zum iPhone X bekannt,still open
Apple,03/08/2023,21. Apple Patent erhoben, dass die Ladekapazitat von Smartphones verdoppelt,still open
Apple,03/08/2023,22. Apple arbeitet an Augmented Reality-Projekt,still open
Apple,03/08/2023,23. Apple fuhrt neue Apple Watch Series 3 ein,still open
Apple,03/08/2023,24. Apple stellt neuen Apple Pencil vor,still open
Apple,03/08/2023,25. Apple kundigt neue Apple TV 4K an,still open
Apple,03/08/2023,26. Apple patentiert Design eines klappbaren iPhones,still open
Apple,03/08/2023,27. Apple startet Bildungsoffensive,still open
Apple,03/08/2023,28. Apple uberholt Spotify in Sachen Abonnenten,still open
Apple,03/08/2023,29. Apple testet autonomes Fahren in Kalifornien,still open
Apple,03/08/2023,30. Apple Music bald mit eigenem TV-Programm,still open
Apple,03/08/2023,31. Apple Pay bald auch in Deutschland,still open
Apple,03/08/2023,32. Apple In-Ear-Kopfhorer Verkaufsstart,still open
Apple,03/08/2023,33. Apple uberlegt einen Prozessorwechsel,still open
Apple,03/08/2023,34. Apple iPhone gewinnt „Produkt des Jahres“-Award in China,still open
Apple,03/08/2023,35. Apple entfernt 25.000 Apps aus dem chinesischen App Store,still open
Apple,03/08/2023,36. Apple kundigt neue iPhone-Modelle an,still open
Apple,03/08/2023,37. Apple verkauft 78,3 Millionen iPhones im Weihnachtsquartal,still open
Apple,03/08/2023,38. Der App Store verzeichnet mehr als 2,5 Millionen Apps,still open
Apple,03/08/2023,39. Apples 29 US-Dollar iPhone-Akku-Aktion startet jetzt,still open
Apple,03/08/2023,40. Apple gibt bekannt, dass es seine eigenen Modems verwenden wird,still open
Apple,03/08/2023,41. Apple eroffnet neuen Flagship-Store in Chicago,still open
Apple,03/08/2023,42. Apple veroffentlicht das iPhone XS und XS Max,still open
Apple,03/08/2023,43. Apples ARKit 2.0 bietet noch mehr AR-Funktionen,still open
Apple,03/08/2023,44. Apple veroffentlicht das iPhone XR,still open
Apple,03/08/2023,45. Apple veroffentlicht iOS 12,still open
Apple,03/08/2023,46. Samsung zahlt Apple 539 Millionen Dollar wegen Patentverletzungen,still open
Apple,03/08/2023,47. Apple gibt neue MacBook Pro Modelle bekannt,still open
Apple,03/08/2023,48. Apple verdoppelt wochentliche iPhone-Produktion auf 10 Mio Gerate,still open
Apple,03/08/2023,49. Apple kundigt neue Apple Watch mit EKG-Messung an,still open
Apple,03/08/2023,50. Apple kauft Texture, einen Abonnement-Service fur Zeitschriften,still open
Apple,03/08/2023,51. Apple gibt bekannt, dass Siri jetzt auch Nachrichten auf WhatsApp senden und empfangen kann,still open
Apple,03/08/2023,52. Apple bringt neues iPad-Modell auf den Markt,still open
Apple,03/08/2023,53. Apple plant dreifache Kamera fur iPhone 11,still open
Apple,03/08/2023,54. Apple kundigt Verschiebung des iPhone 12 an,still open
Apple,03/08/2023,55. Apple iPad Pro (2020) mit LiDAR-Scanner vorgestellt,still open
Apple,03/08/2023,56. Apple TV+ kommt mit Preis von nur 4,99 US-Dollar pro Monat,still open
Apple,03/08/2023,57. Apple startet Beta-Testing fur macOS Catalina,still open
Apple,03/08/2023,58. Apple stellt das iPhone SE 2020 vor,still open
Apple,03/08/2023,59. Apple Music startet Podcasts,still open
Apple,03/08/2023,60. Apple kauft Startup Xnor.ai fur ca. 200 Millionen US-Dollar,still open
Apple,03/08/2023,61. Apple stellt AirPods Pro mit verbessertem Design vor,still open
Apple,03/08/2023,62. Apple Card bekommt Support fur PayPal,still open
Apple,03/08/2023,63. Apple veroffentlicht das iPhone 12 Pro,still open
Apple,03/08/2023,64. Apple stellt neue AirTags Tracker vor,still open
Apple,03/08/2023,65. Apple setzt Zeichen gegen Rassismus mit iOS Update,still open
Apple,03/08/2023,66. Apple verklagt Unternehmen wegen des Verkaufs von „kopierten“ AirPods,still open
Apple,03/08/2023,67. Apple gibt neue Version von macOS heraus,still open
Apple,03/08/2023,68. Apple startet Reparaturprogramm fur MacBook Pro-Modelle,still open
Apple,03/08/2023,69. Apple enthullt Abonnement-Service Apple One,still open
Apple,03/08/2023,70. Apple stellt iPhone 13 vor,still open
Apple,03/08/2023,71. Apple kundigt neue AirPods an,still open
Apple,03/08/2023,72. Apple liefert bald ein Softwareupdate gegen doppelte Face-ID-Erkennung,still open
Apple,03/08/2023,73. Apple knackt Rekordhoch im Borsenwert,still open
Apple,03/08/2023,74. Apple plant moglicherweise das erste foldbare iPhone,still open
Apple,03/08/2023,75. Apple gibt neue Datenschutz-Updates fur iOS und macOS heraus,still open
Apple,03/08/2023,76. Apple stellt den neuen iMac vor,still open
Apple,03/08/2023,77. Apple Pay bald in weitere Lander erhaltlich,still open
Apple,03/08/2023,78. Apple stellt das iPhone 13 Pro vor,still open
Apple,03/08/2023,79. Apple startet Serviceprogramm fur bestimmte MacBook Pro-Modelle,still open
Apple,03/08/2023,80. Apple gibt Update fur Apple TV+ heraus,still open
Apple,03/08/2023,81. Apple fuhrt Programm fur bezahlten News-Content ein,still open
Apple,03/08/2023,82. Apple gibt Update fur iPad Pro heraus,still open
Apple,03/08/2023,83. Apple will iOS-Updates schrumpfen um Daten zu sparen,still open
Apple,03/08/2023,84. Apple plant erstmals Macbooks mit eigenen Prozessoren,still open
Apple,03/08/2023,85. Apple Music streamt bald verlustfreie Audioqualitat,still open
Apple,03/08/2023,86. Apple ubernimmt Spezialisten fur maschinelles Lernen,still open
Apple,03/08/2023,87. Apple gibt Update fur AirPods Max heraus,still open
Apple,03/08/2023,88. Apple plant Erweiterung des Fitness+ Service,still open
Apple,03/08/2023,89. Apple will sich verstarkt auf das Gesundheitswesen konzentrieren,still open
Apple,03/08/2023,90. Apple stellt iOS 15 und iPadOS 15 vor,still open
Apple,03/08/2023,91. Apple verbessert Safari,still open
Apple,03/08/2023,92. Apple gibt Bug-Fix fur iOS 15 heraus,still open
Apple,03/08/2023,93. Apple fuhrt leistungsstarke neue Prozessoren fur Macs ein,still open
Apple,03/08/2023,94. Apple gibt Update fur iMac Pro heraus,still open
Apple,03/08/2023,95. Apple veroffentlicht macOS Monterey,still open
Apple,03/08/2023,96. Apple prasentiert seine eigene Entwickler-Konferenz WWDC,still open
Apple,03/08/2023,97. Apple stellt HomePod Mini vor,still open
Apple,03/08/2023,98. Apple testet Augmented Reality furs iPhone,still open
Apple,03/08/2023,99. Apple fuhrt neuen Service fur iCloud-Abonnenten ein,still open
Apple,03/08/2023,100. Apple fuhrt „Find My“ fur AirPods Max ein,still open
Apple,03/08/2023,101. Apple fuhrt neuen „App Store Small Business“-Programm ein,still open
Apple,03/08/2023,102. Apple plant fur das Jahr 2022 ein faltbares iPhone,still open
Apple,03/08/2023,103. Apple fuhrt AirPods Max mit Spatial Audio ein,still open
Apple,03/08/2023,104. Apple fuhrt FaceTime fur Android und Windows ein,still open
Apple,03/08/2023,105. Apple gibt iPhone 13 Pro Max heraus,still open
Apple,03/08/2023,106. Apple verklagt Firma fur Designkopie des MacBook,still open
Apple,03/08/2023,107. Apple veroffentlicht iOS 15.1,still open
Apple,03/08/2023,108. Apple verbessert Siri fur iOS 15,still open
Apple,03/08/2023,109. Apple stellt Macbook Air 2022 vor,still open
Apple,03/08/2023,110. Apple stellt iPad 10th gen vor,still open
Apple,03/08/2023,111. Apple gibt Update fur Apple Watch heraus,still open
Apple,03/08/2023,112. Apple plant neues Kabelloses Ladegerat ,still open
Apple,03/08/2023,113. Apple verbessert Health-App fur Watch,still open
Apple,03/08/2023,114. Apple ubernimmt Unternehmen fur Sicherheitssoftware,still open
Apple,03/08/2023,115. Apple plant 2023 AR/VR-Brille,still open
Apple,03/08/2023,116. Apple kundigt MacBook Pro 14'',still open
Apple,03/08/2023,117. Apple veroffentlicht neue WatchOS-Version,still open
Apple,03/08/2023,118. Apple kundigt neues iPhone-Modell an,still open
Apple,03/08/2023,119. Apple verbietet Tinder von der App Store-Plattform,still open
Apple,03/08/2023,120. Apple wird Übersetzungsfunktion fur Airpod Pro einfuhren,still open
Apple,03/08/2023,121. Apple stellt das iPad mini 6 vor,still open
Apple,03/08/2023,122. Apple fugt neue Funktionen fur AirPods hinzu,still open
Apple,03/08/2023,123. Apple plant 2024 neuer Filmkamera-Technologie,still open
Apple,03/08/2023,124. Apple kauft Tidal, den Musikstreaming-Dienst von Jay-Z ,still open
Apple,03/08/2023,125. Apple verbessert iMessage fur iOS 15,still open
Apple,03/08/2023,126. Apple gibt Update fur MacBook Pro heraus,still open
Apple,03/08/2023,127. Apple stellt neue MacBook Air-Modelle vor,still open
Apple,03/08/2023,128. Apple ubernimmt Kamera-Startup-Unternehmen,still open
Apple,03/08/2023,129. Apple stellt iPhone 14 vor,still open
Apple,03/08/2023,130. Apple verbessert iOS-Wallet fur Kreditkarten,still open
Apple,03/08/2023,131. Apple verbietet Kinderarbeit in der Produktion,still open
Apple,03/08/2023,132. Apple plant neues iPad mit OLED-Display,still open
Apple,03/08/2023,133. Apple kauft Unternehmen fur mobile Spieleentwicklung,still open
Apple,03/08/2023,134. Apple verbessert Gesundheits-App fur Watch,still open
Apple,03/08/2023,135. Apple stellt neue Funktionen fur App Store Optimization vor,still open
Apple,03/08/2023,136. Apple plant neues AppleCare-Programm,still open
Apple,03/08/2023,137. Apple veroffentlicht Update fur verschiedene Produkte,still open
Apple,03/08/2023,138. Apple verbessert Musikdienst,still open
Apple,03/08/2023,139. Apple stellt neue Apple Watch vor,still open
Apple,03/08/2023,140. Apple plant erweiterte FaceID-Technologie,still open
Apple,03/08/2023,141. Apple ubernimmt auf kunstlicher Intelligenz spezialisiertes Unternehmen,still open
Apple,03/08/2023,142. Apple stellt neues iPhone SE 2022 vor,still open
Apple,03/08/2023,143. Apple verbessert Handoff-Technologie fur MacOS Monterey,still open
Apple,03/08/2023,144. Apple kundigt Expansion in bisher unerschlossene Lander an,still open
Apple,03/08/2023,145. Apple ubernimmt Augmented Reality-Startup-Unternehmen,still open
Apple,03/08/2023,146. Apple stellt iPad Pro 2023 mit M3-Prozessor vor,still open
Apple,03/08/2023,147. Apple verbessert Sharing-Funktionen auf iOS,still open
Apple,03/08/2023,148. Apple plant Integration von AR-Headset mit Watch,still open
Apple,03/08/2023,149. Apple veroffentlicht neuen Secure Enclave Chip,still open
Apple,03/08/2023,150. Apple verbessert Sicherheitsfunktionen von iOS laufend,still open
Apple,03/08/2023,151. Apple stellt iOS 16 vor,still open
Apple,03/08/2023,152. Apple plant verbesserte Kamera-Technologie fur iPhone-Modelle,still open
Apple,03/08/2023,153. Apple gibt neue MacBook-Modelle bekannt,still open
Apple,03/08/2023,154. Apple ubernimmt Unternehmen fur Robotik,still open
Apple,03/08/2023,155. Apple stellt softwareseitige Verbesserungen von iOS vor,still open
Apple,03/08/2023,156. Apple kundigt 26 Widgets fur iOS 16 an,still open
Apple,03/08/2023,157. Apple plant erweiterte Integration von iMessage in MacOS,still open
Apple,03/08/2023,158. Apple verbessert Siri bin iOS 16,still open
Apple,03/08/2023,159. Apple stellt neue AirPods mit verbesserter Larmreduzierung vor,still open
Apple,03/08/2023,160. Apple verbessert Fitness+-Service auf Apple Watch,still open
Apple,03/08/2023,161. Apple plant 2024 Solarzellen-Produktion in den USA,still open
Apple,03/08/2023,162. Apple veroffentlicht Nahrwert-Analyse-App fur Watch,still open
Apple,03/08/2023,163. Apple plant KI-Verbesserungen fur Watch,still open
Apple,03/08/2023,164. Apple verbessert Watch-OS laufend,still open
Apple,03/08/2023,165. Apple stellt iPad Mini 2022 vor,still open
Apple,03/08/2023,166. Apple fuhrt neuen iCloud-Service ein,still open
Apple,03/08/2023,167. Apple plant verbesserte FaceTime-Optionen,still open
Apple,03/08/2023,168. Apple ubernimmt Unternehmen fur autonomes Fahren,still open
Apple,03/08/2023,169. Apple verbessert Prozessoren fur iPhone und iPad,still open
Apple,03/08/2023,170. Apple verbietet TikTok von der App-Store Plattform,still open
Apple,03/08/2023,171. Apple stellt neue MacBook Air-Modelle vor,still open
Apple,03/08/2023,172. Apple plant verbesserte Energieeffizienz fur Wearables,still open
Apple,03/08/2023,173. Apple plant Verbesserungen in der Benutzeroberflache von MacOS Monterey,still open
Apple,03/08/2023,174. Apple stellt neue AirPods mit kleinerem Design vor,still open
Apple,03/08/2023,175. Apple verbessert Apple Music-Service laufend,still open
Apple,03/08/2023,176. Apple plant erweiterte Gesundheitsfunktionen fur Watch,still open
Apple,03/08/2023,177. Apple stellt erweitertes iPadOS vor,still open
Apple,03/08/2023,178. Apple fuhrt neue Vorlese-Funktion ein,still open
Apple,03/08/2023,179. Apple verbessert iCloud-Drive laufend,still open
Apple,03/08/2023,180. Apple plant erweiterte Sprachoptionen fur MacOS Monterey,still open
Apple,03/08/2023,181. Apple verbessert Retail-Service laufend,still open
Apple,03/08/2023,182. Apple stellt 14-Zoll-MacBook Pro Modelle vor,still open
Apple,03/08/2023,183. Apple plant erweiterte Kontrolle von iOS 16,still open
Apple,03/08/2023,184. Apple ubernimmt Unternehmen fur Blockchain-Software,still open
Apple,03/08/2023,185. Apple stellt erweiterte Fitnessfunktionen vor,still open
Apple,03/08/2023,186. Apple verbessert Face-ID laufend,still open
Apple,03/08/2023,187. Apple fuhrt bewegungsabhangige Videostabilisation ein,still open
Apple,03/08/2023,188. Apple verbessert AirPlay-Funktionen laufend,still open
Apple,03/08/2023,189. Apple plant erweitertes Spracherkennungssystem,still open
Apple,03/08/2023,190. Apple stellt neues iPhone-Modell vor,still open
Apple,03/08/2023,191. Apple plant erweiterte AR-Technologie,still open
Apple,03/08/2023,192. Apple verbessert Siri laufend,still open
Apple,03/08/2023,193. Apple erganzt Safari um Webextension-API,still open
Apple,03/08/2023,194. Apple plant erweiterte KI-Technologie,still open
Apple,03/08/2023,195. Apple ubernimmt Unternehmen fur mobile Anwendungen,still open
Apple,03/08/2023,196. Apple verbessert Apple Pay laufend,still open
Apple,03/08/2023,197. Apple stellt erweiterte Schreib-Optionen fur iMessage vor,still open
Apple,03/08/2023,198. Apple plant Verbesserungen des OCR-Systems,still open
Apple,03/08/2023,199. Apple fuhrt neuen Family Sharing-Service ein,still open
Apple,03/08/2023,200. Apple plant Verbesserungen im Bereich der App Store-Sicherheit.,still open
Apple,03/08/2023,1. Apple prasentiert das iPhone 13 mit verbesserter Kamera und langeren Akkulaufzeiten.,still open
Apple,03/08/2023,2. Apple entwickelt neue Technologie zur Gesichtserkennung.,still open
Apple,03/08/2023,3. Apple startet seinen eigenen Videostreaming-Dienst.,still open
Apple,03/08/2023,4. Apple entfernt den Kopfhoreranschluss beim iPhone.,still open
Apple,03/08/2023,5. Apple schliesst Deal mit Disney+ ab und bietet exklusive Inhalte an.,still open
Apple,03/08/2023,6. Apple bringt AirPods Max auf den Markt.,still open
Apple,03/08/2023,7. Apple CarPlay jetzt in allen neuen Automodellen verfugbar.,still open
Apple,03/08/2023,8. Apple Watch wird zum wichtigen Tool im Gesundheitswesen.,still open
Apple,03/08/2023,9. Apple startet eigenen Podcast-Service.,still open
Apple,03/08/2023,10. Apple entwickelt eigenes VR-Headset.,still open
Apple,03/08/2023,11. Tim Cook, CEO von Apple, meldet sich zu Wort: ,still open
Apple,03/08/2023,Hier ist, was als nachstes bei Apple kommt.,still open
Apple,03/08/2023,12. Apple eroffnet neuen Flagship-Store in Tokio.,still open
Apple,03/08/2023,13. Apple wird weltweit fuhrender Hersteller von Wearables.,still open
Apple,03/08/2023,14. iPhone 12 setzt neue Verkaufsrekord.,still open
Apple,03/08/2023,15. Apple veroffentlicht neues Betriebssystem iOS 15.,still open
Apple,03/08/2023,16. Apple beteiligt sich am Kampf gegen den Klimawandel.,still open
Apple,03/08/2023,17. Apple erhoht die Preise fur seine Apps.,still open
Apple,03/08/2023,18. Apple arbeitet an einer neuen Gesundheits-App, die chronische Krankheiten erkennen kann.,still open
Apple,03/08/2023,19. Apple testet selbstfahrende Autos.,still open
Apple,03/08/2023,20. Apple plant Expansion in China.,still open
Apple,03/08/2023,21. Apple bringt neuen Laptop auf den Markt, der zusatzlich ein Touchscreen ist.,still open
Apple,03/08/2023,22. Apple ubernimmt den Streaming-Dienst Tidal.,still open
Apple,03/08/2023,23. Apple will in Zukunft eigene Chip-Designs verwenden.,still open
Apple,03/08/2023,24. Apple verbessert Siri-Funktionen.,still open
Apple,03/08/2023,25. Apple kauft Tesla.,still open
Apple,03/08/2023,26. Apple bringt spezielle iPhone-Modelle fur Gamer auf den Markt.,still open
Apple,03/08/2023,27. Apple stellt Updates fur seine Arbeitsgerate vor.,still open
Apple,03/08/2023,28. Apple veroffentlicht eigene AR-Brille.,still open
Apple,03/08/2023,29. Apple arbeitet an kabelloser Ladetechnologie.,still open
Apple,03/08/2023,30. Apple bringt neue Farben fur das iPhone auf den Markt.,still open
Apple,03/08/2023,31. Apple entwickelt selbstheilendes Display.,still open
Apple,03/08/2023,32. Apple startet 5G-fahige iPhone-Modelle.,still open
Apple,03/08/2023,33. Apple setzt auf Nachhaltigkeit bei der Produktion seiner Gerate.,still open
Apple,03/08/2023,34. Apple kauft die Rechte an NFL-Spielen.,still open
Apple,03/08/2023,35. Apple investiert in erneuerbare Energien.,still open
Apple,03/08/2023,36. Apple bringt neues iPad auf den Markt.,still open
Apple,03/08/2023,37. Apple veroffentlicht neue Apple Watch.,still open
Apple,03/08/2023,38. Apple schliesst Sicherheitslucken bei iOS.,still open
Apple,03/08/2023,39. Apple plant Expansion in Afrika.,still open
Apple,03/08/2023,40. Apple setzt auf erweiterte Realitat.,still open
Apple,03/08/2023,41. Apple testet neue iPhones mit faltbarem Display.,still open
Apple,03/08/2023,42. Apple startet eigenen Streaming-Service fur Spiele.,still open
Apple,03/08/2023,43. Apple entfernt alle nicht-englischsprachigen Podcasts aus dem iTunes Store.,still open
Apple,03/08/2023,44. Apple arbeitet an neuem iOS-Design.,still open
Apple,03/08/2023,45. Apple plant Investition in automatisierten Lieferverkehr.,still open
Apple,03/08/2023,46. Apple kauft den Musik-Streaming-Dienst Spotify.,still open
Apple,03/08/2023,47. Apple startet eigenen Cloud-Dienst.,still open
Apple,03/08/2023,48. Apple prasentiert neues MacBook Air.,still open
Apple,03/08/2023,49. Apple kauft das Virtual-Reality-Unternehmen Oculus.,still open
Apple,03/08/2023,50. Apple setzt auf erneuerbare Energien in allen Produktionsstatten.,still open
Apple,03/08/2023,51. Apple verbessert die Kamerafunktionen auf den iPhones.,still open
Apple,03/08/2023,52. Apple startet neuen Musik-Streaming-Dienst.,still open
Apple,03/08/2023,53. Apple kauft das Drohnen-Startup Skydio.,still open
Apple,03/08/2023,54. Apple gibt Prototyp fur ein selbstfahrendes Auto frei.,still open
Apple,03/08/2023,55. Apple entwickelt neue Gesundheits-Features fur die Apple Watch.,still open
Apple,03/08/2023,56. Apple plant Expansion in Indien.,still open
Apple,03/08/2023,57. Apple setzt auf Augmented Reality fur medizinische Anwendungen.,still open
Apple,03/08/2023,58. Apple arbeitet an einem selbstheilenden Smartphone.,still open
Apple,03/08/2023,59. Apple startet eigenen News-Service.,still open
Apple,03/08/2023,60. Apple kauft das Augmented-Reality-Startup Metaio.,still open
Apple,03/08/2023,61. Apple prasentiert das iPad Pro mit verbesserter Leistung.,still open
Apple,03/08/2023,62. Apple weitet das Apple Pay-System aus.,still open
Apple,03/08/2023,63. Apple bringt neue iPhones mit verbesserten Kameras auf den Markt.,still open
Apple,03/08/2023,64. Apple plant Ausbau des Ökosystems.,still open
Apple,03/08/2023,65. Apple arbeitet an neuen Ladearten fur iPhones.,still open
Apple,03/08/2023,66. Apple verbessert die Zusammenarbeit von iOS und MacOS.,still open
Apple,03/08/2023,67. Apple startet eigenen Musik-Label.,still open
Apple,03/08/2023,68. Apple kauft das Security-Startup AuthenTec.,still open
Apple,03/08/2023,69. Apple veroffentlicht neuen iMac.,still open
Apple,03/08/2023,70. Apple setzt auf erweiterte Realitat fur Shopping-Anwendungen.,still open
Apple,03/08/2023,71. Apple plant Expansion in Sudamerika.,still open
Apple,03/08/2023,72. Apple arbeitet an einer neuen Apple Watch mit erweiterten Sensoren.,still open
Apple,03/08/2023,73. Apple startet eigenen Streaming-Service fur Filme und Serien.,still open
Apple,03/08/2023,74. Apple kauft das Online-Netzwerk Path.,still open
Apple,03/08/2023,75. Apple prasentiert neu entwickelte Tastatur fur MacBooks.,still open
Apple,03/08/2023,76. Apple weitet die Barrierefreiheit von iOS aus.,still open
Apple,03/08/2023,77. Apple bringt neue AirPods auf den Markt.,still open
Apple,03/08/2023,78. Apple plant weitere Zusammenarbeit mit BMW.,still open
Apple,03/08/2023,79. Apple arbeitet an neuem iOS-Design furs iPad.,still open
Apple,03/08/2023,80. Apple startet eigenen Online-Shop fur Gebrauchtgerate.,still open
Apple,03/08/2023,81. Apple kauft das KI-Startup Xnor.ai.,still open
Apple,03/08/2023,82. Apple verbessert die Speicherleistung der MacBooks.,still open
Apple,03/08/2023,83. Apple setzt auf erweiterte Realitat fur die Arbeit im Einzelhandel.,still open
Apple,03/08/2023,84. Apple plant Expansion in Osteuropa.,still open
Apple,03/08/2023,85. Apple arbeitet an einem neuen HomePod-Modell.,still open
Apple,03/08/2023,86. Apple startet eigenen Streaming-Service fur Podcasts.,still open
Apple,03/08/2023,87. Apple gibt Vorstellung des Apple Glasses frei.,still open
Apple,03/08/2023,88. Apple kauft das Verschlusselungs-Startup Silk Labs.,still open
Apple,03/08/2023,89. Apple prasentiert neuen iMac mit Apple-Prozessor.,still open
Apple,03/08/2023,90. Apple verbessert die Akkulaufzeit von iPhones und iPads.,still open
Apple,03/08/2023,91. Apple weitet die Verfugbarkeit von Apple Pay aus.,still open
Apple,03/08/2023,92. Apple bringt neues MacBook auf den Markt.,still open
Apple,03/08/2023,93. Apple plant weitere Zusammenarbeit mit Volkswagen.,still open
Apple,03/08/2023,94. Apple arbeitet an neuem iOS-Design furs Apple TV.,still open
Apple,03/08/2023,95. Apple startet eigenen Streaming-Service fur Audio-Books.,still open
Apple,03/08/2023,96. Apple kauft das Cybersecurity-Startup Cybereason.,still open
Apple,03/08/2023,97. Apple verbessert die Speicherleistung von iPads.,still open
Apple,03/08/2023,98. Apple setzt auf erweiterte Realitat fur die Arbeit im Gesundheitswesen.,still open
Apple,03/08/2023,99. Apple plant Expansion in Russland.,still open
Apple,03/08/2023,100. Apple arbeitet an einem neuen AirPods-Modell.,still open
Apple,03/08/2023,101. Apple startet eigenen Streaming-Service fur Horspiele.,still open
Apple,03/08/2023,102. Apple gibt Vorstellung des AR-Headsets frei.,still open
Apple,03/08/2023,103. Apple kauft das Wearables-Startup Fitbit.,still open
Apple,03/08/2023,104. Apple verbessert die Grafikleistung von MacBooks.,still open
Apple,03/08/2023,105. Apple weitet die Zusammenarbeit mit Samsung aus.,still open
Apple,03/08/2023,106. Apple bringt neues iPhone-Modell auf den Markt.,still open
Apple,03/08/2023,107. Apple plant weitere Zusammenarbeit mit BMW.,still open
Apple,03/08/2023,108. Apple arbeitet an neuem iOS-Design furs iPhone.,still open
Apple,03/08/2023,109. Apple startet eigenen Streaming-Service fur eBooks.,still open
Apple,03/08/2023,110. Apple kauft das KI-Startup Vicarious.,still open
Apple,03/08/2023,111. Apple verbessert die Soundleistung von iPhones.,still open
Apple,03/08/2023,112. Apple setzt auf erweiterte Realitat fur die Arbeit im Bildungswesen.,still open
Apple,03/08/2023,113. Apple plant Expansion in der Turkei.,still open
Apple,03/08/2023,114. Apple arbeitet an einem neuen Siri-Modell.,still open
Apple,03/08/2023,115. Apple startet eigenen Streaming-Service fur Gaming.,still open
Apple,03/08/2023,116. Apple gibt Vorstellung des Apple-Headphones frei.,still open
Apple,03/08/2023,117. Apple kauft das KI-Startup Turi.,still open
Apple,03/08/2023,118. Apple verbessert die Augmented-Reality-Leistung von iPads.,still open
Apple,03/08/2023,119. Apple weitet die Zusammenarbeit mit LG aus.,still open
Apple,03/08/2023,120. Apple bringt neues MacBook Pro auf den Markt.,still open
Apple,03/08/2023,121. Apple plant weitere Zusammenarbeit mit Daimler.,still open
Apple,03/08/2023,122. Apple arbeitet an neuem iOS-Design fur Apple Music.,still open
Apple,03/08/2023,123. Apple startet eigenen Streaming-Service fur Bild- und Videobearbeitung.,still open
Apple,03/08/2023,124. Apple kauft das Tracking-Startup Embark.,still open
Apple,03/08/2023,125. Apple verbessert die Helligkeit von iPhones.,still open
Apple,03/08/2023,126. Apple setzt auf erweiterte Realitat fur die Arbeit im Kunstbereich.,still open
Apple,03/08/2023,127. Apple plant Expansion in Sudafrika.,still open
Apple,03/08/2023,128. Apple arbeitet an einem neuen AirPods Pro-Modell.,still open
Apple,03/08/2023,129. Apple startet eigenen Streaming-Service fur Kunst und Unterhaltung.,still open
Apple,03/08/2023,130. Apple gibt Vorstellung des Apple Glasses 2 frei.,still open
Apple,03/08/2023,131. Apple kauft das Online-Lern-Startup Udacity.,still open
Apple,03/08/2023,132. Apple verbessert die Kamera-Performance von iPads.,still open
Apple,03/08/2023,133. Apple weitet die Zusammenarbeit mit Sony aus.,still open
Apple,03/08/2023,134. Apple bringt neues iPhone SE auf den Markt.,still open
Apple,03/08/2023,135. Apple plant weitere Zusammenarbeit mit Bosch.,still open
Apple,03/08/2023,136. Apple arbeitet an neuem iOS-Design furs HomePod.,still open
Apple,03/08/2023,137. Apple startet eigenen Streaming-Service fur Business-Tools.,still open
Apple,03/08/2023,138. Apple gibt Vorstellung des Apple-Headphones Pro frei.,still open
Apple,03/08/2023,139. Apple kauft das KI-Startup Api.ai.,still open
Apple,03/08/2023,140. Apple verbessert die Touch-ID-Performance von iPhones.,still open
Apple,03/08/2023,141. Apple setzt auf erweiterte Realitat fur die Arbeit in der Landwirtschaft.,still open
Apple,03/08/2023,142. Apple plant Expansion in Mexiko.,still open
Apple,03/08/2023,143. Apple arbeitet an einem neuen Siri-HomeKit-Modell.,still open
Apple,03/08/2023,144. Apple startet eigenen Streaming-Service fur Produktivitats-Tools.,still open
Apple,03/08/2023,145. Apple gibt Vorstellung des Apple Glasses 3 frei.,still open
Apple,03/08/2023,146. Apple kauft das Chatbot-Startup Message.io.,still open
Apple,03/08/2023,147. Apple verbessert die Auto-Konnektivitat von iPads.,still open
Apple,03/08/2023,148. Apple weitet die Zusammenarbeit mit Nokia aus.,still open
Apple,03/08/2023,149. Apple bringt neues MacBook Air 2 auf den Markt.,still open
Apple,03/08/2023,150. Apple plant weitere Zusammenarbeit mit Audi.,still open
Apple,03/08/2023,151. Apple arbeitet an neuem iOS-Design furs Apple TV.,still open
Apple,03/08/2023,152. Apple startet eigenen Streaming-Service fur Social-Media-Inhalte.,still open
Apple,03/08/2023,153. Apple gibt Vorstellung des Apple-Headphones Pro 2 frei.,still open
Apple,03/08/2023,154. Apple kauft das Gesichtserkennungs-Startup Emotient.,still open
Apple,03/08/2023,155. Apple verbessert die Siri-Performance von iPhones.,still open
Apple,03/08/2023,156. Apple setzt auf erweiterte Realitat fur die Arbeit in der Energiebranche.,still open
Apple,03/08/2023,157. Apple plant Expansion in Australien.,still open
Apple,03/08/2023,158. Apple arbeitet an einem neuen Shazam-Modell.,still open
Apple,03/08/2023,159. Apple startet eigenen Streaming-Service fur Mobil-Apps.,still open
Apple,03/08/2023,160. Apple gibt Vorstellung des Apple Glasses 4 frei.,still open
Apple,03/08/2023,161. Apple kauft das Location-Based-Marketing-Startup Placed.,still open
Apple,03/08/2023,162. Apple verbessert die Akustik von iPads.,still open
Apple,03/08/2023,163. Apple weitet die Zusammenarbeit mit Siemens aus.,still open
Apple,03/08/2023,164. Apple bringt neues iPhone-SE-Modell auf den Markt.,still open
Apple,03/08/2023,165. Apple plant weitere Zusammenarbeit mit Amazon.,still open
Apple,03/08/2023,166. Apple arbeitet an neuem iOS-Design fur Apple News.,still open
Apple,03/08/2023,167. Apple startet eigenen Streaming-Service fur Interiordesign.,still open
Apple,03/08/2023,168. Apple gibt Vorstellung des Apple-Headphones Pro 3 frei.,still open
Apple,03/08/2023,169. Apple kauft das Gesundheits-Startup Gliimpse.,still open
Apple,03/08/2023,170. Apple verbessert die Siri-Interaktion von iPads.,still open
Apple,03/08/2023,171. Apple setzt auf erweiterte Realitat fur die Arbeit in der Architektur.,still open
Apple,03/08/2023,172. Apple plant Expansion in Skandinavien.,still open
Apple,03/08/2023,173. Apple arbeitet an einem neuen Health-Kit-Modell.,still open
Apple,03/08/2023,174. Apple startet eigenen Streaming-Service fur Crowdfunding.,still open
Apple,03/08/2023,175. Apple gibt Vorstellung des Apple Glasses 5 frei.,still open
Apple,03/08/2023,176. Apple kauft das Spracherkennungs-Startup Vocal IQ.,still open
Apple,03/08/2023,177. Apple verbessert das Display von iPhones.,still open
Apple,03/08/2023,178. Apple weitet die Zusammenarbeit mit Intel aus.,still open
Apple,03/08/2023,179. Apple bringt neues MacBook Air 3 auf den Markt.,still open
Apple,03/08/2023,180. Apple plant weitere Zusammenarbeit mit Hyundai.,still open
Apple,03/08/2023,181. Apple arbeitet an neuem iOS-Design fur die iWork-Apps.,still open
Apple,03/08/2023,182. Apple startet eigenen Streaming-Service fur Investment-Tools.,still open
Apple,03/08/2023,183. Apple gibt Vorstellung des Apple-Headphones Pro 4 frei.,still open
Apple,03/08/2023,184. Apple kauft das Gesundheits-Startup HealthKit.,still open
Apple,03/08/2023,185. Apple verbessert die Audio-Performance von iPhones.,still open
Apple,03/08/2023,186. Apple setzt auf erweiterte Realitat fur die Arbeit im Tourismus.,still open
Apple,03/08/2023,187. Apple plant Expansion in Brasilien.,still open
Apple,03/08/2023,188. Apple arbeitet an einem neuen iOS-Design fur iCloud.,still open
Apple,03/08/2023,189. Apple startet eigenen Streaming-Service fur eCommerce.,still open
Apple,03/08/2023,190. Apple gibt Vorstellung des Apple Glasses 6 frei.,still open
Apple,03/08/2023,191. Apple kauft das Sprach-Startup Perceptio.,still open
Apple,03/08/2023,192. Apple verbessert die Kamera-Features von iPads.,still open
Apple,03/08/2023,193. Apple weitet die Zusammenarbeit mit Harman Kardon aus.,still open
Apple,03/08/2023,194. Apple bringt neues iPad Mini auf den Markt.,still open
Apple,03/08/2023,195. Apple plant weitere Zusammenarbeit mit Kia.,still open
Apple,03/08/2023,196. Apple arbeitet an neuem iOS-Design furs Apple Store.,still open
Apple,03/08/2023,197. Apple startet eigenen Streaming-Service furs Kochen.,still open
Apple,03/08/2023,198. Apple gibt Vorstellung des Apple-Headphones Pro 5 frei.,still open
Apple,03/08/2023,199. Apple kauft das KI-Startup DeepMind.,still open
Apple,03/08/2023,200. Apple verbessert die 5G-Performance von iPhones.,still open
