BASF,03/08/2023,1. BASF strebt Wachstumskurs an,still open
BASF,03/08/2023,2. BASF verzeichnet Rekordumsatz im letzten Quartal,still open
BASF,03/08/2023,3. BASF setzt auf Nachhaltigkeit und Recycling,still open
BASF,03/08/2023,4. BASF investiert in Start-ups zur Forderung von Innovation,still open
BASF,03/08/2023,5. BASF erweitert Produktion in Asien und Afrika,still open
BASF,03/08/2023,6. BASF plant Ãœbernahme eines Konkurrenten,still open
BASF,03/08/2023,7. BASF kauft fuhrendes Unternehmen im Bereich Biotechnologie,still open
BASF,03/08/2023,8. BASF prasentiert neue umweltfreundliche Produktionstechnologie,still open
BASF,03/08/2023,9. BASF erhalt Auszeichnung fur Umweltschutzmassnahmen,still open
BASF,03/08/2023,10. BASF investiert Millionen in Forschungsprojekt zur Entwicklung neuer Produkte,still open
BASF,03/08/2023,11. BASF investiert in saubere Energie und alternative Antriebe,still open
BASF,03/08/2023,12. BASF setzt auf Digitalisierung und Automatisierung,still open
BASF,03/08/2023,13. BASF kooperiert mit Universitaten und Forschungseinrichtungen weltweit,still open
BASF,03/08/2023,14. BASF prasentiert neue Produkte auf fuhrenden Messen,still open
BASF,03/08/2023,15. BASF erhoht Dividende fur Aktionare,still open
BASF,03/08/2023,16. BASF steigert Gewinn im letzten Jahr,still open
BASF,03/08/2023,17. BASF plant Bau neuer Produktionsanlagen in Europa,still open
BASF,03/08/2023,18. BASF eroffnet modernes Forschungszentrum in China,still open
BASF,03/08/2023,19. BASF gewinnt internationale Auszeichnung fur Innovation,still open
BASF,03/08/2023,20. BASF gibt Startschuss fur grosses Expansionsprojekt,still open
BASF,03/08/2023,21. BASF schafft tausende neue Arbeitsplatze weltweit,still open
BASF,03/08/2023,22. BASF setzt auf umweltfreundliche Verpackungslosungen,still open
BASF,03/08/2023,23. BASF sichert langfristige Rohstoffversorgung durch strategische Partnerschaften,still open
BASF,03/08/2023,24. BASF will bis 2025 CO2-Emissionen um 50 Prozent reduzieren,still open
BASF,03/08/2023,25. BASF setzt sich ehrgeizige Ziele fur die Zukunft,still open
BASF,03/08/2023,26. BASF unterstutzt soziale Projekte in der ganzen Welt,still open
BASF,03/08/2023,27. BASF verbessert Energieeffizienz und senkt Betriebskosten,still open
BASF,03/08/2023,28. BASF investiert in Kreislaufwirtschaft und Ressourcenschonung,still open
BASF,03/08/2023,29. BASF fuhrt neue Produkte zur Bekampfung von Schadlingen ein,still open
BASF,03/08/2023,30. BASF erhalt Auszeichnung fur Innovationskultur,still open
BASF,03/08/2023,31. BASF startet neues Programm zur Forderung von Mitarbeiter*innen,still open
BASF,03/08/2023,32. BASF baut Partnerschaften mit Start-ups und KMUs aus,still open
BASF,03/08/2023,33. BASF unterstutzt den Aufbau von Bildungseinrichtungen in Entwicklungslandern,still open
BASF,03/08/2023,34. BASF prasentiert neue Recycling-Technologie fur Kunststoffe,still open
BASF,03/08/2023,35. BASF eroffnet neues Forschungszentrum fur Batterietechnologie,still open
BASF,03/08/2023,36. BASF investiert in die Gesundheit seiner Mitarbeiter*innen,still open
BASF,03/08/2023,37. BASF verbessert Arbeitssicherheit in allen Betriebsbereichen,still open
BASF,03/08/2023,38. BASF startet grosses Schulungsprogramm zur Digitalisierung,still open
BASF,03/08/2023,39. BASF setzt auf Wasserstoff als zukunftsweisenden Energietrager,still open
BASF,03/08/2023,40. BASF fuhrt neue Katalysatoren fur die chemische Industrie ein,still open
BASF,03/08/2023,41. BASF unterstutzt die Artenvielfalt und den Naturschutz,still open
BASF,03/08/2023,42. BASF senkt Treibhausgasemissionen durch den Einsatz von erneuerbaren Energien,still open
BASF,03/08/2023,43. BASF fuhrt neue Materialien fur die Automobil- und Luftfahrtindustrie ein,still open
BASF,03/08/2023,44. BASF eroffnet neues Forschungslabor fur Materialwissenschaften,still open
BASF,03/08/2023,45. BASF ernennt neue Vorstandsmitglieder,still open
BASF,03/08/2023,46. BASF setzt auf eine starke Position auf dem chinesischen Markt,still open
BASF,03/08/2023,47. BASF verbessert Produktionsprozesse durch den Einsatz von kunstlicher Intelligenz,still open
BASF,03/08/2023,48. BASF unterstutzt die UN-Ziele fur nachhaltige Entwicklung,still open
BASF,03/08/2023,49. BASF startet grosses Schulungsprogramm zur Forderung von Diversitat und Inklusion,still open
BASF,03/08/2023,50. BASF bietet digitale Losungen fur die Landwirtschaft an,still open
BASF,03/08/2023,51. BASF kooperiert mit fuhrenden Unternehmen in der Biotechnologieindustrie,still open
BASF,03/08/2023,52. BASF startet neues Innovationsprojekt zur Entwicklung von erneuerbaren Energien,still open
BASF,03/08/2023,53. BASF eroffnet neues Qualitatskontrollzentrum fur seine Produkte,still open
BASF,03/08/2023,54. BASF setzt auf Elektromobilitat und alternative Antriebe,still open
BASF,03/08/2023,55. BASF verbessert Recycling von Kunststoffen durch chemisches Recycling,still open
BASF,03/08/2023,56. BASF investiert in den Ausbau erneuerbarer Energien,still open
BASF,03/08/2023,57. BASF setzt auf Kreislaufwirtschaft und Ressourcenschonung,still open
BASF,03/08/2023,58. BASF prasentiert neue Produkte fur die Elektronikindustrie,still open
BASF,03/08/2023,59. BASF unterstutzt den Aufbau von Schulen und Bildungszentren in Entwicklungslandern,still open
BASF,03/08/2023,60. BASF eroffnet neues Forschungszentrum fur nachhaltige Produktionstechnologie,still open
BASF,03/08/2023,61. BASF senkt Betriebskosten durch Prozessoptimierung,still open
BASF,03/08/2023,62. BASF gewinnt renommierten Innovationspreis,still open
BASF,03/08/2023,63. BASF erhoht Forschungs- und Entwicklungsbudget fur neue Produkte,still open
BASF,03/08/2023,64. BASF setzt auf moderne Arbeitsumgebungen und flexibles Arbeiten,still open
BASF,03/08/2023,65. BASF startet grosses Ausbildungsprogramm fur junge Talente,still open
BASF,03/08/2023,66. BASF investiert in erneuerbare Energien und saubere Technologien,still open
BASF,03/08/2023,67. BASF eroffnet neues Zentrum fur Nachhaltigkeit,still open
BASF,03/08/2023,68. BASF setzt auf erneuerbare Energien und Wasserstoffproduktion,still open
BASF,03/08/2023,69. BASF investiert in die Forschung zur Bekampfung von Krankheiten,still open
BASF,03/08/2023,70. BASF verbessert Prozesse und Arbeitsablaufe durch Lean-Management,still open
BASF,03/08/2023,71. BASF setzt auf Biotechnologie und Genomforschung,still open
BASF,03/08/2023,72. BASF startet neues Projekt zur Forderung von Nachhaltigkeit in der Lieferkette,still open
BASF,03/08/2023,73. BASF unterstutzt Sozialprojekte in der ganzen Welt,still open
BASF,03/08/2023,74. BASF verbessert Zusammenarbeit mit lokalen Gemeinden,still open
BASF,03/08/2023,75. BASF erhoht Investitionen in Forschung und Entwicklung,still open
BASF,03/08/2023,76. BASF setzt auf eine starke Prasenz im asiatischen Markt,still open
BASF,03/08/2023,77. BASF erweitert Angebot an Bio-Kunststoffen,still open
BASF,03/08/2023,78. BASF verbessert Energieeffizienz seiner Produktionsstatten,still open
BASF,03/08/2023,79. BASF setzt auf Kreislaufwirtschaft und Ressourcenschonung,still open
BASF,03/08/2023,80. BASF prasentiert neue Produkte fur die Baubranche,still open
BASF,03/08/2023,81. BASF erhoht Investitionen in Start-ups,still open
BASF,03/08/2023,82. BASF baut Partnerschaften mit fuhrenden Unternehmen der Automobilindustrie aus,still open
BASF,03/08/2023,83. BASF setzt auf Digitalisierung und Automatisierung in der Produktion,still open
BASF,03/08/2023,84. BASF startet neues Nachhaltigkeitsprogramm,still open
BASF,03/08/2023,85. BASF unterstutzt die Ausbildung von Fachkraften in der chemischen Industrie,still open
BASF,03/08/2023,86. BASF erweitert sein Angebot an Bio-Pflanzenschutzmitteln,still open
BASF,03/08/2023,87. BASF prasentiert neue Produkte fur die Landwirtschaft,still open
BASF,03/08/2023,88. BASF setzt auf erneuerbare Energien und Kreislaufwirtschaft,still open
BASF,03/08/2023,89. BASF gewinnt renommierten Umweltpreis,still open
BASF,03/08/2023,90. BASF verbessert Energieeffizienz seiner IT-Infrastruktur,still open
BASF,03/08/2023,91. BASF startet neues Schulungsprogramm zur Forderung von Nachhaltigkeit,still open
BASF,03/08/2023,92. BASF investiert in den Ausbau seines globalen Netzwerks,still open
BASF,03/08/2023,93. BASF setzt auf moderne Produktionsprozesse und Technologien,still open
BASF,03/08/2023,94. BASF verbessert Qualitat seiner Produkte durch Qualitatsmanagement,still open
BASF,03/08/2023,95. BASF setzt auf Biotechnologie und Genomforschung zur Entwicklung neuer Produkte,still open
BASF,03/08/2023,96. BASF startet neues Programm zur Forderung von Mitarbeitergesundheit,still open
BASF,03/08/2023,97. BASF unterstutzt die Ausbildung von Frauen in der chemischen Industrie,still open
BASF,03/08/2023,98. BASF gewinnt Digitalisierungspreis,still open
BASF,03/08/2023,99. BASF setzt auf erneuerbare Energien und saubere Technologien,still open
BASF,03/08/2023,100. BASF verbessert Arbeitssicherheit und Gesundheitsschutz seiner Mitarbeiter*innen,still open
BASF,03/08/2023,101. BASF fuhrt neue Produkte zur Bekampfung von Schadlingen ein,still open
BASF,03/08/2023,102. BASF erhoht Investitionen in die Entwicklung von Biokraftstoffen,still open
BASF,03/08/2023,103. BASF setzt auf erneuerbare Energien und Treibstoffe der Zukunft,still open
BASF,03/08/2023,104. BASF eroffnet neues Labor zur Erforschung neuer Materialien,still open
BASF,03/08/2023,105. BASF verbessert Produktionsprozesse durch den Einsatz von Robotik,still open
BASF,03/08/2023,106. BASF setzt auf moderne Arbeitsmethoden und agile Prozesse,still open
BASF,03/08/2023,107. BASF setzt auf Kreislaufwirtschaft und Ressourcenschonung,still open
BASF,03/08/2023,108. BASF startet neues Programm zur Forderung von Diversitat und Inklusion,still open
BASF,03/08/2023,109. BASF baut globales Netzwerk aus Start-ups und Innovationszentren auf,still open
BASF,03/08/2023,110. BASF unterstutzt die Umstellung auf erneuerbare Energien in Entwicklungslandern,still open
BASF,03/08/2023,111. BASF eroffnet neues Forschungszentrum fur Umwelttechnologie,still open
BASF,03/08/2023,112. BASF setzt auf effiziente Energiespeicherung durch Batterietechnologie,still open
BASF,03/08/2023,113. BASF prasentiert neue Produkte zur kontrollierten Freisetzung von Wirkstoffen,still open
BASF,03/08/2023,114. BASF setzt auf moderne Produkte und Dienstleistungen fur die Bauindustrie,still open
BASF,03/08/2023,115. BASF investiert in den Ausbau seines globalen Lieferkettenmanagements,still open
BASF,03/08/2023,116. BASF plant neue Produktionsanlagen in Afrika und Asien,still open
BASF,03/08/2023,117. BASF eroffnet neues Labor fur Materialforschung und Nanotechnologie,still open
BASF,03/08/2023,118. BASF setzt auf moderne Entwicklungs- und Fertigungstechnologie,still open
BASF,03/08/2023,119. BASF erhoht Investitionen in den Bereich erneuerbare Energien,still open
BASF,03/08/2023,120. BASF startet grosses Programm zur Forderung von Innovation und Kreativitat,still open
BASF,03/08/2023,121. BASF verbessert Qualitat seiner Produkte durch Qualitatsmanagement,still open
BASF,03/08/2023,122. BASF setzt auf moderne Losungen zur Wasser- und Abwasseraufbereitung,still open
BASF,03/08/2023,123. BASF plant Expansion in den USA und Kanada,still open
BASF,03/08/2023,124. BASF kooperiert mit fuhrenden Unternehmen in der Luftfahrtindustrie,still open
BASF,03/08/2023,125. BASF erhoht Forschungs- und Entwicklungsbudget fur neue Produkte und Technologien,still open
BASF,03/08/2023,126. BASF setzt auf moderne Dienstleistungen und Losungen fur die Automobilindustrie,still open
BASF,03/08/2023,127. BASF verbessert Arbeitssicherheit und Gesundheitsschutz in der Produktion,still open
BASF,03/08/2023,128. BASF setzt auf erneuerbare Energien und alternative Antriebe in der Schifffahrtsindustrie,still open
BASF,03/08/2023,129. BASF baut Partnerschaften mit Start-ups und KMUs aus,still open
BASF,03/08/2023,130. BASF investiert in die Entwicklung neuer Produkte fur die Elektronikindustrie,still open
BASF,03/08/2023,131. BASF verbessert Energieeffizienz und senkt Betriebskosten durch Lean-Management,still open
BASF,03/08/2023,132. BASF setzt auf erneuerbare Energien und saubere Technologien in der Luftfahrtindustrie,still open
BASF,03/08/2023,133. BASF unterstutzt den Aufbau von Schulen und Bildungseinrichtungen weltweit,still open
BASF,03/08/2023,134. BASF verbessert Zusammenarbeit mit Kunden und Partnern,still open
BASF,03/08/2023,135. BASF setzt auf effiziente Prozesse und moderne Technologien,still open
BASF,03/08/2023,136. BASF prasentiert neue Produkte fur die Nutztierhaltung,still open
BASF,03/08/2023,137. BASF setzt auf moderne Produkte und Dienstleistungen fur die Textilindustrie,still open
BASF,03/08/2023,138. BASF startet grosses Programm zur Forderung von nachhaltigem Wirtschaften,still open
BASF,03/08/2023,139. BASF plant Expansion in Lateinamerika und der Karibik,still open
BASF,03/08/2023,140. BASF erweitert Angebot an Bio-Pflanzenschutzmitteln,still open
BASF,03/08/2023,141. BASF setzt auf moderne Losungen zur Weiterbildung von Mitarbeiter*innen,still open
BASF,03/08/2023,142. BASF setzt auf erneuerbare Energien und saubere Technologien in der Schifffahrtsindustrie,still open
BASF,03/08/2023,143. BASF verbessert Wasser- und Abwasseraufbereitung durch modernste Technologien,still open
BASF,03/08/2023,144. BASF setzt auf moderne Losungen zur Bekampfung von Schadlingen und Unkraut,still open
BASF,03/08/2023,145. BASF unterstutzt den Aufbau von sozialen Einrichtungen in Entwicklungslandern,still open
BASF,03/08/2023,146. BASF investiert in den Ausbau seines globalen Netzwerks von Forschungszentren,still open
BASF,03/08/2023,147. BASF verbessert Qualitat und Nachhaltigkeit seiner Produkte durch modernste Technologien,still open
BASF,03/08/2023,148. BASF setzt auf Kreislaufwirtschaft und Ressourcenschonung in der Kunststoffindustrie,still open
BASF,03/08/2023,149. BASF eroffnet neues Forschungszentrum fur Katalysatoren,still open
BASF,03/08/2023,150. BASF startet grosses Programm zur Forderung von Inklusion und Vielfalt,still open
BASF,03/08/2023,151. BASF setzt auf moderne Losungen zur Begrunung von Stadten und Gebauden,still open
BASF,03/08/2023,152. BASF plant Expansion in Asien und dem Pazifikraum,still open
BASF,03/08/2023,153. BASF erweitert sein Angebot an Bio-Kunststoffen und Biokraftstoffen,still open
BASF,03/08/2023,154. BASF setzt auf effiziente Recyclinglosungen fur Kunststoffe,still open
BASF,03/08/2023,155. BASF verbessert Arbeitssicherheit und Gesundheitsschutz durch moderne Technologie,still open
BASF,03/08/2023,156. BASF setzt auf erneuerbare Energien und alternative Antriebe in der Binnenschifffahrt,still open
BASF,03/08/2023,157. BASF plant Bau von innovativen Produktionsanlagen fur die chemische Industrie,still open
BASF,03/08/2023,158. BASF unterstutzt den Ausbau erneuerbarer Energien in Europa,still open
BASF,03/08/2023,159. BASF baut Partnerschaften mit fuhrenden Unternehmen in der Pharma- und Biotechnologieindustrie aus,still open
BASF,03/08/2023,160. BASF investiert in die Entwicklung neuer Produkte fur die Solarindustrie,still open
BASF,03/08/2023,161. BASF setzt auf erneuerbare Energien und alternative Antriebe in der Schwerindustrie,still open
BASF,03/08/2023,162. BASF verbessert Qualitat seiner Produkte durch modernste Technologie und Qualitatsmanagement,still open
BASF,03/08/2023,163. BASF setzt auf moderne Dienstleistungen und Losungen fur die Lebensmittelindustrie,still open
BASF,03/08/2023,164. BASF plant Expansion in Australien und Neuseeland,still open
BASF,03/08/2023,165. BASF kooperiert mit fuhrenden Unternehmen in der Automobilindustrie zur Entwicklung neuer Produkte und Technologien,still open
BASF,03/08/2023,166. BASF verbessert Wasser- und Abwasseraufbereitung durch effiziente Technologien,still open
BASF,03/08/2023,167. BASF setzt auf effiziente und umweltfreundliche Logistikprozesse,still open
BASF,03/08/2023,168. BASF prasentiert neue Produkte fur die Papier- und Zellstoffindustrie,still open
BASF,03/08/2023,169. BASF unterstutzt den Aufbau von Kultur- und Bildungseinrichtungen in der ganzen Welt,still open
BASF,03/08/2023,170. BASF startet grosses Programm zur Forderung von Agilitat und Flexibilitat in der Produktion,still open
BASF,03/08/2023,171. BASF setzt auf moderne Technologien und Losungen fur die Metallindustrie,still open
BASF,03/08/2023,172. BASF verbessert Qualitat und Nachhaltigkeit seiner Produkte durch modernste Technologien,still open
BASF,03/08/2023,173. BASF setzt auf erneuerbare Energien und alternative Antriebe in der Bahnindustrie,still open
BASF,03/08/2023,174. BASF plant Expansion in Ost- und Sudeuropa,still open
BASF,03/08/2023,175. BASF investiert in die Entwicklung neuer Produkte fur die chemische Industrie,still open
BASF,03/08/2023,176. BASF eroffnet neues Labor fur Werkstoffforschung und Bautechnologie,still open
BASF,03/08/2023,177. BASF setzt auf moderne Losungen zur Bekampfung von Schadstoffen in der Luft,still open
BASF,03/08/2023,178. BASF unterstutzt die Ausbildung von jungen Menschen in der chemischen Industrie,still open
BASF,03/08/2023,179. BASF setzt auf erneuerbare Energien und saubere Technologien in der Schwerindustrie,still open
BASF,03/08/2023,180. BASF prasentiert neue Produkte fur die Verpackungsindustrie,still open
BASF,03/08/2023,181. BASF setzt auf moderne Dienstleistungen und Losungen fur die Biochemieindustrie,still open
BASF,03/08/2023,182. BASF plant Expansion in Indien und Sudasien,still open
BASF,03/08/2023,183. BASF setzt auf effiziente und umweltfreundliche Transportprozesse,still open
BASF,03/08/2023,184. BASF verbessert Qualitat seiner Produkte durch modernste Technologie und Qualitatsmanagement,still open
BASF,03/08/2023,185. BASF setzt auf moderne Technologien und Losungen fur die Abfallwirtschaft,still open
BASF,03/08/2023,186. BASF startet grosses Programm zur Forderung von Mitarbeitermotivation und -zufriedenheit,still open
BASF,03/08/2023,187. BASF setzt auf erneuerbare Energien und alternative Antriebe in der LKW-Industrie,still open
BASF,03/08/2023,188. BASF unterstutzt den Aufbau von sozialen Einrichtungen und Schulen weltweit,still open
BASF,03/08/2023,189. BASF prasentiert neue Produkte fur die Verarbeitung von Holz,still open
BASF,03/08/2023,190. BASF setzt auf moderne Dienstleistungen und Losungen fur die Chemietechnikindustrie,still open
BASF,03/08/2023,191. BASF plan Expansion in den Mittleren Osten und Nordafrika,still open
BASF,03/08/2023,192. BASF eroffnet neues Labor fur Biotechnologie und Genomforschung,still open
BASF,03/08/2023,193. BASF setzt auf moderne Losungen zur Wasserstoffproduktion und Speicherung,still open
BASF,03/08/2023,194. BASF verbessert Arbeitssicherheit und Gesundheitsschutz bei Arbeitsprozessen,still open
BASF,03/08/2023,195. BASF setzt auf erneuerbare Energien und alternative Antriebe in der Baumaschinenindustrie,still open
BASF,03/08/2023,196. BASF unterstutzt die Ausbildung von jungen Frauen in der chemischen Industrie,still open
BASF,03/08/2023,197. BASF startet grosses Programm zur Forderung von Innovation und Kreativitat in der Produktion,still open
BASF,03/08/2023,198. BASF setzt auf effiziente Recyclinglosungen fur Kunststoffe und Metalle,still open
BASF,03/08/2023,199. BASF investiert in die Entwicklung neuer Materialien fur die Medizintechnik,still open
BASF,03/08/2023,200. BASF setzt auf Kreislaufwirtschaft und Ressourcenschonung in der Chemieindustrie,still open
