Bayer,03/08/2023,1. Bayer schliesst Monsanto-Übernahme ab.,still open
Bayer,03/08/2023,2. Bayer verkauft Tierarzneimittelgeschaft.,still open
Bayer,03/08/2023,3. Bayer kauft Merck Consumer Health.,still open
Bayer,03/08/2023,4. Bayer erleidet Niederlage in US-Glyphosat-Prozess.,still open
Bayer,03/08/2023,5. Bayer erhalt Zulassung fur Krebsmedikament.,still open
Bayer,03/08/2023,6. Bundesamt fur Verbraucherschutz warnt vor Glyphosat in Bayer-Produkten.,still open
Bayer,03/08/2023,7. Bayer kooperiert mit Accenture zur digitalen Transformation.,still open
Bayer,03/08/2023,8. Bayer investiert in Gentechnik-Startup CRISPR Therapeutics.,still open
Bayer,03/08/2023,9. Studie: Bayer-Mittel verschlimmern Monarchfalter-Krise.,still open
Bayer,03/08/2023,10. Glyphosat-Prozesse kosten Bayer 200 Millionen Dollar.,still open
Bayer,03/08/2023,11. Monsanto bezeichnet Bayer-Übernahme als ,still open
Bayer,03/08/2023,12. Bayer startet Kooperation mit der Deutschen Telekom.,still open
Bayer,03/08/2023,13. Bayer muss Millionenstrafe zahlen wegen korrupter Geschafte.,still open
Bayer,03/08/2023,14. Baylabs, das digitale Innovationszentrum von Bayer, geht an den Start.,still open
Bayer,03/08/2023,15. Bayers Kampf gegen globale Wasserknappheit.,still open
Bayer,03/08/2023,16. Bayer gibt Entlassungen in der Lebensmittelabteilung bekannt.,still open
Bayer,03/08/2023,17. Bayer kampft mit schwachen Zahlen im Pflanzenschutzgeschaft.,still open
Bayer,03/08/2023,18. Zulassungsantrag bei der EU: Bayer hofft auf Glyphosat-Verlangerung.,still open
Bayer,03/08/2023,19. Bayer startet neues Programm zur Bekampfung von Krebs.,still open
Bayer,03/08/2023,20. Bayer veroffentlicht Nachhaltigkeitsbericht und setzt Ziele.,still open
Bayer,03/08/2023,21. Bayer macht den ersten Schritt zur kunstlichen Intelligenz.,still open
Bayer,03/08/2023,22. Monsanto-Glyphosat-Produkte werden von den Regierungen Brasiliens und Argentiniens zugelassen.,still open
Bayer,03/08/2023,23. Bayer wird wegen Patentverletzung verklagt.,still open
Bayer,03/08/2023,24. Bayer schliesst sich der Immuntherapie-Allianz von NeuLion an.,still open
Bayer,03/08/2023,25. Bayer investiert in digitale Gesundheitsversorgung.,still open
Bayer,03/08/2023,26. Bayer baut globale Agrarorganisation um.,still open
Bayer,03/08/2023,27. Kein industrielles Natriumchlorid mehr bei Bayer.,still open
Bayer,03/08/2023,28. Bayer und Monsanto veroffentlichen gemeinsames Nachhaltigkeitsversprechen.,still open
Bayer,03/08/2023,29. Bayer veroffentlicht Prognose fur 2019.,still open
Bayer,03/08/2023,30. Bayer fuhrt als erster Konzern eine interaktive Bilanzpressekonferenz durch.,still open
Bayer,03/08/2023,31. Bayer spendet 2,5 Millionen Euro an UNICEF.,still open
Bayer,03/08/2023,32. Bayer erhalt Zulassung fur Hormonimplantat.,still open
Bayer,03/08/2023,33. Bayer kauft US-amerikanisches Labor.,still open
Bayer,03/08/2023,34. Bayer erweitert Gesundheitsgeschaft um allergologische Produkte.,still open
Bayer,03/08/2023,35. Glyphosat-Prozess gegen Bayer geht in eine neue Runde.,still open
Bayer,03/08/2023,36. Massive Kritik an Bayers neuen GMO-Aktivitaten.,still open
Bayer,03/08/2023,37. Umsatz von Bayers Tiermedizin-Segment legt zu.,still open
Bayer,03/08/2023,38. Bayer erwagt Verkauf von Crop-Science-Sparte.,still open
Bayer,03/08/2023,39. Beim Monsanto-Roundup-Prozess in Frankreich stiegen am Morgen die Aktien.,still open
Bayer,03/08/2023,40. Bayer seek reinvestment from government.,still open
Bayer,03/08/2023,41. Glyphosat-Prozesse belasten die Borsenerwartungen von Bayer.,still open
Bayer,03/08/2023,42. Bayer verkauft GVO-Forschungseinrichtung.,still open
Bayer,03/08/2023,43. Bayer plant Bioinsektizide in Brasilien.,still open
Bayer,03/08/2023,44. Zulassungserweiterung: Bayer hofft auf Wachstum bei Multipler Sklerose.,still open
Bayer,03/08/2023,45. Aktivistische Investoren fordern Bayer auf, den Glyphosat-Deal ruckgangig zu machen.,still open
Bayer,03/08/2023,46. Glyphosat-Prozesse setzen Bayers einflussreiche Lage in der Agrarindustrie unter Druck.,still open
Bayer,03/08/2023,47. Bayer will Milliarden in Crop-Science-Sparte stecken.,still open
Bayer,03/08/2023,48. Landwirte nutzen Bayer-Cloud-Service, um Ernten zu optimieren.,still open
Bayer,03/08/2023,49. Bayer findet Kaufer fur Tiermedizin-Sparte.,still open
Bayer,03/08/2023,50. Bayer entwickelt neue Produkte gegen Krebs.,still open
Bayer,03/08/2023,51. Bayer beendet Zusammenarbeit mit Verlagen und Werbeagenturen.,still open
Bayer,03/08/2023,52. Bayer kampft gegen steigende Bienensterblichkeit in Europa.,still open
Bayer,03/08/2023,53. Bayer baut neues Forschungs- und Entwicklungszentrum in Berlin.,still open
Bayer,03/08/2023,54. Monsanto entschuldigt sich bei Landwirten wegen des Produkts Dicamba.,still open
Bayer,03/08/2023,55. Bayer kampft gegen weltweite Hungerkrise.,still open
Bayer,03/08/2023,56. Bayer beschliesst Aktienruckkaufprogramm.,still open
Bayer,03/08/2023,57. Monsanto schliesst sich Bayers digitalem Marktplatz an.,still open
Bayer,03/08/2023,58. Bayer rechnet mit einer Kaufpreissteigerung aufgrund der schlechten Reputation von Monsanto.,still open
Bayer,03/08/2023,59. Studie: Bayers Pestizide wirken sich negativ auf Libellen aus.,still open
Bayer,03/08/2023,60. Bayer will gentechnisch veranderte Mucken zur Bekampfung von Krankheiten einsetzen.,still open
Bayer,03/08/2023,61. Bayer kauft US-amerikanisches Unternehmen Dark Horse Genetics.,still open
Bayer,03/08/2023,62. Bayer steigt in die Telemedizin ein.,still open
Bayer,03/08/2023,63. Bayer lanciert gemeinsame Umweltschutz-Initiative mit Puma.,still open
Bayer,03/08/2023,64. WHO stuft Glyphosat als krebserregend ein.,still open
Bayer,03/08/2023,65. Bayer investiert in Krebsbehandlung.,still open
Bayer,03/08/2023,66. Bayer wird Grunderzentrum fur Start-ups.,still open
Bayer,03/08/2023,67. Bayer schliesst Werk in Spanien.,still open
Bayer,03/08/2023,68. Studie: Bayers Insektizide sind fur den Ruckgang der Schmetterlingspopulation verantwortlich.,still open
Bayer,03/08/2023,69. Monsanto-Roundup-Prozesse in Frankreich gehen weiter.,still open
Bayer,03/08/2023,70. Glyphosat-Prozess: Bayer-Sprecherin: ,still open
Bayer,03/08/2023,Wir sind zuversichtlich, dass wir unsere Position in diesem Fall verteidigen werden,still open
Bayer,03/08/2023,71. Neues Abkommen: Bayer steigt ins Milliarden-Geschaft mit Plantagen ein.,still open
Bayer,03/08/2023,72. Bayer will Tierversuche vermeiden.,still open
Bayer,03/08/2023,73. Monsanto wird wegen Samenpreiserhohungen verklagt.,still open
Bayer,03/08/2023,74. Bayer steigt in den Cannabis-Markt ein.,still open
Bayer,03/08/2023,75. Bayer investiert in prazisionsmedizinische Technologien.,still open
Bayer,03/08/2023,76. Monsanto zieht Beschwerde gegen Franzosisches Glyphosat-Verbot zuruck.,still open
Bayer,03/08/2023,77. Bayer strebt hohes Emissionsziel an.,still open
Bayer,03/08/2023,78. Studie: Bayers Pestizide sind fur den Ruckgang der Honigbienen-Population verantwortlich.,still open
Bayer,03/08/2023,79. Klager fordern hohere Entschadigung in Glyphosat-Prozessen gegen Bayer.,still open
Bayer,03/08/2023,80. Bayer will digitale Losungen fur die Landwirtschaft entwickeln.,still open
Bayer,03/08/2023,81. Monsanto-Roundup-Prozess in den USA geht in die nachste Runde.,still open
Bayer,03/08/2023,82. Bayer gewahrt Einblicke in die Wirkungsweise von Glyphosat.,still open
Bayer,03/08/2023,83. Bayer tritt zusammen mit Novartis AI-gefuhrter Forschungsallianz bei.,still open
Bayer,03/08/2023,84. Wissenschaftler fordern strengere Risikoevaluierung von Pestiziden der Bayer AG.,still open
Bayer,03/08/2023,85. Bayer baut FinTech-Bereich aus.,still open
Bayer,03/08/2023,86. Bayer will fur mehr Transparenz in Glyphosat-Prozessen sorgen.,still open
Bayer,03/08/2023,87. Bayer finanziert Grossprojekt zur Bekampfung des weltweiten Hungerproblems.,still open
Bayer,03/08/2023,88. Studie: Bayer-Insektizide beeintrachtigen die Fortpflanzung von Fischen.,still open
Bayer,03/08/2023,89. Monsanto zahlt milliardenschweren Vergleich fur PCB-Verschmutzung.,still open
Bayer,03/08/2023,90. Bayer fuhrt Blockchain-Technologie in der Landwirtschaft ein.,still open
Bayer,03/08/2023,91. Bayer veroffentlicht aktualisierte Nachhaltigkeitsziele fur 2025.,still open
Bayer,03/08/2023,92. Monsanto empfiehlt Glyphosat-Verwendung bei einer gefahrdeten Art.,still open
Bayer,03/08/2023,93. Bayer baut Vertriebskanale fur digitale Gesundheitsprodukte aus.,still open
Bayer,03/08/2023,94. Studie: Bayers Pestizide sind fur den Ruckgang der Fledermauspopulationen verantwortlich.,still open
Bayer,03/08/2023,95. Anwohner fordern Massnahmen gegen Bayers Insektizide.,still open
Bayer,03/08/2023,96. Bayer startet Innovations-Hub in San Francisco.,still open
Bayer,03/08/2023,97. Monsanto kundigt Zusammenarbeit mit Intel zur Verbesserung der Landwirtschaft an.,still open
Bayer,03/08/2023,98. Bayer eroffnet medizinisches Zentrum fur Mitarbeiter.,still open
Bayer,03/08/2023,99. Glyphosat-Prozess: Bayer gewinnt Berufung gegen Roundup-Verurteilung.,still open
Bayer,03/08/2023,100. Abstimmung uber Glyphosat-Verbot in der EU: Bayer droht Verlust von Millionen.,still open
Bayer,03/08/2023,101. Studie zeigt: Bayers Insektizide beeintrachtigen die Brutentwicklung der Vogel.,still open
Bayer,03/08/2023,102. Monsanto bekennt sich zum Ausstieg aus der Gentechnik.,still open
Bayer,03/08/2023,103. Kraftiger Umsatz- und Gewinnanstieg fur Bayer.,still open
Bayer,03/08/2023,104. Bayer baut Kapazitaten fur Biosimilars in China aus.,still open
Bayer,03/08/2023,105. Bayer setzt auf gross angelegte Digitalisierung.,still open
Bayer,03/08/2023,106. Glyphosat-Prozess: Agrar-Bundnis verlangt von Bayer eine Entschuldigung fur falsche Verpackung.,still open
Bayer,03/08/2023,107. Monsanto gibt Datenleck zu.,still open
Bayer,03/08/2023,108. Co-Creation: Bayer arbeitet mit Landwirten fur Emissionsreduzierung zusammen.,still open
Bayer,03/08/2023,109. Bayer tritt der digitalen Plattform fur nachhaltigen Handel bei.,still open
Bayer,03/08/2023,110. Monsanto-Rechtsstreitigkeiten gehen in eine weitere Runde.,still open
Bayer,03/08/2023,111. Bayer kauft spanisches Unternehmen fur klinische Studien.,still open
Bayer,03/08/2023,112. Studie: Glyphosat kann Korpergeruch verandern.,still open
Bayer,03/08/2023,113. Bayer sponsert ,still open
Bayer,03/08/2023,Kids for the Ocean,still open
Bayer,03/08/2023,-Initiative.,still open
Bayer,03/08/2023,114. Monsanto verklagt staatliche Agentur fur Kartellrecht.,still open
Bayer,03/08/2023,115. Europaisches Parlament verabschiedet Resolution zur Beendigung von Glyphosat.,still open
Bayer,03/08/2023,116. Bayer-Tochter Monsanto wird wegen Menschenrechtsverletzungen verklagt.,still open
Bayer,03/08/2023,117. Studie: Bayer-Pestizide beeintrachtigen das Immunsystem von Bienen.,still open
Bayer,03/08/2023,118. Bayer kauft US-amerikanisches Biotech-Unternehmen.,still open
Bayer,03/08/2023,119. Monsanto-Roundup-Prozesse in den USA eskalieren weiter.,still open
Bayer,03/08/2023,120. Bayer baut digitale Geschaftsmodelle aus.,still open
Bayer,03/08/2023,121. Studie: Bayers Insektizide sind fur den Ruckgang der Wassertemperaturen verantwortlich.,still open
Bayer,03/08/2023,122. Bayer investiert in prazisionsmedizinische Analysetechnologie.,still open
Bayer,03/08/2023,123. Monsanto verkauft Saatgut-Geschaft.,still open
Bayer,03/08/2023,124. Glyphosat-Prozess: Bayer muss erneut Schadensersatz zahlen.,still open
Bayer,03/08/2023,125. Bayer will die absoluten Gegner des Glyphosats politisch bekampfen.,still open
Bayer,03/08/2023,126. Bayer verbietet den Einsatz krebserregender Stoffe in der Produktion.,still open
Bayer,03/08/2023,127. Monsanto schliesst sich Bayers Initiative zur Losung von Wasserknappheit an.,still open
Bayer,03/08/2023,128. Bayer will Landwirten helfen, Emissionen zu reduzieren.,still open
Bayer,03/08/2023,129. Studie: Glyphosat ist fur den Ruckgang der Bestauberpopulation verantwortlich.,still open
Bayer,03/08/2023,130. Bayer eroffnet Innovationszentrum fur digitale Landwirtschaft.,still open
Bayer,03/08/2023,131. Monsanto kundigt Programm zur Verbesserung der Bodengesundheit an.,still open
Bayer,03/08/2023,132. Bayer kauft spezialisierte Pharmafirma.,still open
Bayer,03/08/2023,133. Glyphosat-Prozess: Bayer will Verfahren durch Vergleich beilegen.,still open
Bayer,03/08/2023,134. Bayer plant Umstrukturierung im Geschaftsbereich Consumer Health.,still open
Bayer,03/08/2023,135. Monsanto-Roundup-Prozess in Frankreich geht in die Berufung.,still open
Bayer,03/08/2023,136. Studie: Bayers Pestizide beeintrachtigen die Gehirnentwicklung von Kindern.,still open
Bayer,03/08/2023,137. Bayer fuhrt Programmauto-Test durch.,still open
Bayer,03/08/2023,138. Monsanto gibt Bau eines neuen Forschungszentrums bekannt.,still open
Bayer,03/08/2023,139. Baylabs ermoglicht Analyse von Datenmengen im Bereich der Gesundheitsforschung.,still open
Bayer,03/08/2023,140. Bayer entwickelt neues Verfahren zum Schutz von Honigbienen.,still open
Bayer,03/08/2023,141. Glyphosat-Prozess: Bayer muss Schadensersatz in Millionenhohe zahlen.,still open
Bayer,03/08/2023,142. Regulierungsbehorde genehmigt Zulassung von Bayers neuestem Schilddrusenmedikament.,still open
Bayer,03/08/2023,143. Monsanto-Studie: Glyphosat wirkt sich nicht auf Schmetterlingspopulationen aus.,still open
Bayer,03/08/2023,144. Bayer startet Pilotprogramm zur Bekampfung von Antibiotika-Resistenzen.,still open
Bayer,03/08/2023,145. Studie: Bayer-Pestizide sind fur den Ruckgang der Froschpopulationen verantwortlich.,still open
Bayer,03/08/2023,146. Monsanto kauft Gentechnik-Unternehmen.,still open
Bayer,03/08/2023,147. Bayer setzt auf Personalisierung in der Medizin.,still open
Bayer,03/08/2023,148. Glyphosat-Prozess: Bayer verliert vor Gericht.,still open
Bayer,03/08/2023,149. Bayer feiert Erfolg in der Krebstherapie.,still open
Bayer,03/08/2023,150. Monsanto prescht weiter in den Biobereich vor.,still open
Bayer,03/08/2023,151. Studie zeigt: Bayers Pestizide gefahrden den Regenwald und den Amazonas.,still open
Bayer,03/08/2023,152. Bayer strebt die fuhrende Rolle im Bereich der prazisionsmedizinischen Diagnose an.,still open
Bayer,03/08/2023,153. Monsanto-Konkurrrenten fordern wiederholte Aussetzung von Glyphosat in Europa.,still open
Bayer,03/08/2023,154. Bayer erweitert Portfolio fur das Gesundheitswesen.,still open
Bayer,03/08/2023,155. Glyphosat-Prozess: Bayer zahlt Schadensersatz und mochte den Fall beilegen.,still open
Bayer,03/08/2023,156. Insidern zufolge erwagt Bayer, den Bereich Crop Science in ein Joint Venture zu geben.,still open
Bayer,03/08/2023,157. Studie zeigt: Bayers Pestizide gefahrden Delfine im Mittelmeer.,still open
Bayer,03/08/2023,158. Monsanto-Roundup-Prozesse in den USA fordern erste Todesopfer.,still open
Bayer,03/08/2023,159. Bayer baut das Agrarlandwirtschaftsgeschaft in Afrika aus.,still open
Bayer,03/08/2023,160. Monsanto-Kunden fordern Entschadigungen fur Ernteausfalle.,still open
Bayer,03/08/2023,161. Studie: Bayers Pestizide beeintrachtigen die Fortpflanzung von Vogeln.,still open
Bayer,03/08/2023,162. Bayer bekennt sich zum Einsatz von CO2-neutralen Bestandteilen in der Produktion.,still open
Bayer,03/08/2023,163. Monsanto untersucht den Anbau von Hanf.,still open
Bayer,03/08/2023,164. Bayer stellt sich auf strengere Regulierungen bei Pestiziden ein.,still open
Bayer,03/08/2023,165. Glyphosat-Prozess: Bayer verliert erneut, diesmal mussen Millionen gezahlt werden.,still open
Bayer,03/08/2023,166. Studie: Bayers Pestizide beeintrachtigen das Wasserleben in Flussen und Meeren.,still open
Bayer,03/08/2023,167. Bayer testet neue digitale Diagnostiklosungen.,still open
Bayer,03/08/2023,168. Monsanto will in den Markt fur Aromen und Dufte einsteigen.,still open
Bayer,03/08/2023,169. Bayer kundigt Plan zur weiteren Reduzierung der Emissionen an.,still open
Bayer,03/08/2023,170. Glyphosat-Prozess: Bayer drohen weitere Millionenstrafen.,still open
Bayer,03/08/2023,171. Studie: Bayers Pestizide beeintrachtigen die Nierenfunktion bei Kindern.,still open
Bayer,03/08/2023,172. Bayer eroffnet Forschungslabor in Singapur.,still open
Bayer,03/08/2023,173. Monsanto kundigt Einsatz von Robotern in der Landwirtschaft an.,still open
Bayer,03/08/2023,174. Bayer investiert in Kunstliche Intelligenz und Machine Learning in der Medizin.,still open
Bayer,03/08/2023,175. Glyphosat-Prozess: Bayer verliert nachste Runde, es geht in die Berufung.,still open
Bayer,03/08/2023,176. Studie: Bayers Pestizide beeintrachtigen das Immunsystem von Haustieren.,still open
Bayer,03/08/2023,177. Bayer und Tesla planen gemeinsames Projekt.,still open
Bayer,03/08/2023,178. Monsanto verklagt Regierungen wegen Handelsbeschrankungen.,still open
Bayer,03/08/2023,179. Bayer erweitert Produktionskapazitaten in Asien.,still open
Bayer,03/08/2023,180. Glyphosat-Prozess: Bayer verliert wieder, Urteil wird jedoch aufgehoben.,still open
Bayer,03/08/2023,181. Studie: Bayers Pestizide beeintrachtigen die Darmflora.,still open
Bayer,03/08/2023,182. Bayer gibt Fortschritt bei Krebsmedikament bekannt.,still open
Bayer,03/08/2023,183. Monsanto plant Bio-Landwirtschaftssysteme.,still open
Bayer,03/08/2023,184. Bayer bekraftigt Engagement fur Nachhaltigkeit.,still open
Bayer,03/08/2023,185. Glyphosat-Prozess: Bayer verliert erneut, zukunftige Prozesse werden eingestellt.,still open
Bayer,03/08/2023,186. Studie: Bayer-Pestizide beeintrachtigen die Luftqualitat.,still open
Bayer,03/08/2023,187. Monsanto gibt Öko-Landwirtschaft zum Schutz von Monarchfaltern bekannt.,still open
Bayer,03/08/2023,188. Bayer und BASF leiten Zusammenarbeit im Pflanzenschutz ein.,still open
Bayer,03/08/2023,189. Bayer stellt KI-gestutzte Gesundheitsanalysen vor.,still open
Bayer,03/08/2023,190. Glyphosat-Prozess: Bayer muss erneut Millionen zahlen.,still open
Bayer,03/08/2023,191. Studie: Bayers Pestizide beeintrachtigen das Gehirn von Tieren im Freiland.,still open
Bayer,03/08/2023,192. Monsanto kauft Tiernahrungshersteller.,still open
Bayer,03/08/2023,193. Bayer erhalt Auszeichnung fur nachhaltige Forschung.,still open
Bayer,03/08/2023,194. Regierungen fordern Verbot von Glyphosat in Europa.,still open
Bayer,03/08/2023,195. Glyphosat-Prozess: Bayer drohen weitere Schadensersatzzahlungen.,still open
Bayer,03/08/2023,196. Studie: Bayers Pestizide beeintrachtigen die Immun- und Fortpflanzungsfunktion von Fischen.,still open
Bayer,03/08/2023,197. Bayer baut Nuklearmedizin-Portfolio aus.,still open
Bayer,03/08/2023,198. Monsanto und Syngenta schliessen Rucknahmeubereinkunft.,still open
Bayer,03/08/2023,199. Bayer kundigt Investitionen in digitale Plattformen an.,still open
Bayer,03/08/2023,200. Glyphosat-Prozess: Bayer einigt sich aussergerichtlich, zahlt Millionen.,still open
