Beiersdorf,03/08/2023,1. Beiersdorf announces record profits for 2019.,still open
Beiersdorf,03/08/2023,2. Nivea named top selling skincare brand in Europe.,still open
Beiersdorf,03/08/2023,3. Beiersdorf to acquire Australian skincare brand Aesop.,still open
Beiersdorf,03/08/2023,4. Nivea introduces eco-friendly packaging.,still open
Beiersdorf,03/08/2023,5. Beiersdorf launches new line of sun care products.,still open
Beiersdorf,03/08/2023,6. Nivea named most trusted skincare brand in Germany.,still open
Beiersdorf,03/08/2023,7. Beiersdorf partners with S-Biomedic to develop innovative skincare products.,still open
Beiersdorf,03/08/2023,8. Nivea introduces new line of men’s grooming products.,still open
Beiersdorf,03/08/2023,9. Beiersdorf unveils new global marketing campaign for Nivea.,still open
Beiersdorf,03/08/2023,10. Nivea awarded top skincare brand in China.,still open
Beiersdorf,03/08/2023,11. Beiersdorf announces expansion into South America.,still open
Beiersdorf,03/08/2023,12. Nivea launches new line of body lotions.,still open
Beiersdorf,03/08/2023,13. Beiersdorf partners with Plastic Bank to tackle ocean pollution.,still open
Beiersdorf,03/08/2023,14. Nivea named best-selling skincare brand in the Philippines.,still open
Beiersdorf,03/08/2023,15. Beiersdorf introduces new line of fragrance products.,still open
Beiersdorf,03/08/2023,16. Nivea wins award for best in-store promotion.,still open
Beiersdorf,03/08/2023,17. Beiersdorf invests in research and development for innovative skincare solutions.,still open
Beiersdorf,03/08/2023,18. Nivea introduces new line of deodorant products.,still open
Beiersdorf,03/08/2023,19. Beiersdorf collaborates with digital health start-up to develop AI-powered skincare solutions.,still open
Beiersdorf,03/08/2023,20. Nivea named best beauty brand for social responsibility.,still open
Beiersdorf,03/08/2023,21. Beiersdorf awarded for sustainable production practices.,still open
Beiersdorf,03/08/2023,22. Nivea introduces new line of hand creams.,still open
Beiersdorf,03/08/2023,23. Beiersdorf named top employer in Germany.,still open
Beiersdorf,03/08/2023,24. Nivea launches new line of baby skincare products.,still open
Beiersdorf,03/08/2023,25. Beiersdorf to expand Nivea Men line with new products.,still open
Beiersdorf,03/08/2023,26. Nivea named top-selling skincare brand in India.,still open
Beiersdorf,03/08/2023,27. Beiersdorf partners with young entrepreneurs to drive innovation.,still open
Beiersdorf,03/08/2023,28. Nivea introduces new line of makeup removal products.,still open
Beiersdorf,03/08/2023,29. Beiersdorf implements new sustainability goals.,still open
Beiersdorf,03/08/2023,30. Nivea launches “Smart” skincare range for millennials.,still open
Beiersdorf,03/08/2023,31. Beiersdorf named industry leader in ethical sourcing.,still open
Beiersdorf,03/08/2023,32. Nivea introduces new line of shower gels.,still open
Beiersdorf,03/08/2023,33. Beiersdorf partners with tech company to develop digital skincare solutions.,still open
Beiersdorf,03/08/2023,34. Nivea awarded for commitment to animal welfare.,still open
Beiersdorf,03/08/2023,35. Beiersdorf introduces new line of anti-aging skincare products.,still open
Beiersdorf,03/08/2023,36. Nivea named best-selling skincare brand in Mexico.,still open
Beiersdorf,03/08/2023,37. Beiersdorf implements new plastic reduction plan.,still open
Beiersdorf,03/08/2023,38. Nivea launches new line of body wash products.,still open
Beiersdorf,03/08/2023,39. Beiersdorf recognized for gender equality and diversity practices.,still open
Beiersdorf,03/08/2023,40. Nivea introduces new line of lip balm products.,still open
Beiersdorf,03/08/2023,41. Beiersdorf partners with start-up to develop sustainable packaging solutions.,still open
Beiersdorf,03/08/2023,42. Nivea named top-selling skincare brand in Thailand.,still open
Beiersdorf,03/08/2023,43. Beiersdorf expands presence in Africa.,still open
Beiersdorf,03/08/2023,44. Nivea launches new line of face masks.,still open
Beiersdorf,03/08/2023,45. Beiersdorf to implement more environmentally friendly water use practices.,still open
Beiersdorf,03/08/2023,46. Nivea named best-selling skincare brand in Russia.,still open
Beiersdorf,03/08/2023,47. Beiersdorf introduces new line of skin brightening products.,still open
Beiersdorf,03/08/2023,48. Nivea launches new line of body scrubs.,still open
Beiersdorf,03/08/2023,49. Beiersdorf appoints new CEO.,still open
Beiersdorf,03/08/2023,50. Nivea named top skincare brand in Vietnam.,still open
Beiersdorf,03/08/2023,51. Beiersdorf announces new goals for plastic recycling and waste reduction.,still open
Beiersdorf,03/08/2023,52. Nivea introduces new line of hair care products.,still open
Beiersdorf,03/08/2023,53. Beiersdorf partners with start-up to develop new digital shopping experiences.,still open
Beiersdorf,03/08/2023,54. Nivea named top-selling skincare brand in Turkey.,still open
Beiersdorf,03/08/2023,55. Beiersdorf launches new line of skincare products for mature skin.,still open
Beiersdorf,03/08/2023,56. Nivea introduces new line of micellar water products.,still open
Beiersdorf,03/08/2023,57. Beiersdorf invests in carbon offsetting initiatives.,still open
Beiersdorf,03/08/2023,58. Nivea named best-selling skincare brand in Poland.,still open
Beiersdorf,03/08/2023,59. Beiersdorf introduces new line of acne-fighting skincare products.,still open
Beiersdorf,03/08/2023,60. Nivea launches new line of exfoliating products.,still open
Beiersdorf,03/08/2023,61. Beiersdorf partners with NGO to support small-scale farmers.,still open
Beiersdorf,03/08/2023,62. Nivea named top skincare brand in Indonesia.,still open
Beiersdorf,03/08/2023,63. Beiersdorf launches new line of hair styling products.,still open
Beiersdorf,03/08/2023,64. Nivea introduces new line of body oils.,still open
Beiersdorf,03/08/2023,65. Beiersdorf implements new sustainability initiatives across supply chain.,still open
Beiersdorf,03/08/2023,66. Nivea named best-selling skincare brand in Egypt.,still open
Beiersdorf,03/08/2023,67. Beiersdorf invests in renewable energy solutions.,still open
Beiersdorf,03/08/2023,68. Nivea launches new line of facial cleansers.,still open
Beiersdorf,03/08/2023,69. Beiersdorf partners with social enterprise to empower women entrepreneurs.,still open
Beiersdorf,03/08/2023,70. Nivea named top skincare brand in Saudi Arabia.,still open
Beiersdorf,03/08/2023,71. Beiersdorf introduces new line of hydrating skincare products.,still open
Beiersdorf,03/08/2023,72. Nivea launches new line of facial moisturizers.,still open
Beiersdorf,03/08/2023,73. Beiersdorf recognized for commitment to employee wellness.,still open
Beiersdorf,03/08/2023,74. Nivea named top-selling skincare brand in South Korea.,still open
Beiersdorf,03/08/2023,75. Beiersdorf implements telecommuting program for employees.,still open
Beiersdorf,03/08/2023,76. Nivea introduces new line of hair masks.,still open
Beiersdorf,03/08/2023,77. Beiersdorf partners with sustainable forestry organization to ensure responsible sourcing.,still open
Beiersdorf,03/08/2023,78. Nivea named best-selling skincare brand in Brazil.,still open
Beiersdorf,03/08/2023,79. Beiersdorf expands presence in Southeast Asia.,still open
Beiersdorf,03/08/2023,80. Nivea launches new line of foot care products.,still open
Beiersdorf,03/08/2023,81. Beiersdorf implements new diversity and inclusion initiatives.,still open
Beiersdorf,03/08/2023,82. Nivea named top skincare brand in Japan.,still open
Beiersdorf,03/08/2023,83. Beiersdorf introduces new line of fragrance-free skincare products.,still open
Beiersdorf,03/08/2023,84. Nivea launches new line of eye creams.,still open
Beiersdorf,03/08/2023,85. Beiersdorf recognized for ethical animal testing practices.,still open
Beiersdorf,03/08/2023,86. Nivea named top-selling skincare brand in Canada.,still open
Beiersdorf,03/08/2023,87. Beiersdorf partners with NGO to provide access to clean water in developing countries.,still open
Beiersdorf,03/08/2023,88. Nivea introduces new line of body butter products.,still open
Beiersdorf,03/08/2023,89. Beiersdorf implements new safety protocols in response to COVID-19.,still open
Beiersdorf,03/08/2023,90. Nivea named best-selling skincare brand in Australia.,still open
Beiersdorf,03/08/2023,91. Beiersdorf launches new line of scalp care products.,still open
Beiersdorf,03/08/2023,92. Nivea introduces new line of sheet masks.,still open
Beiersdorf,03/08/2023,93. Beiersdorf invests in employee training and development programs.,still open
Beiersdorf,03/08/2023,94. Nivea named top skincare brand in the UK.,still open
Beiersdorf,03/08/2023,95. Beiersdorf introduces new line of spot treatments for acne-prone skin.,still open
Beiersdorf,03/08/2023,96. Nivea launches new line of BB creams.,still open
Beiersdorf,03/08/2023,97. Beiersdorf recognized for commitment to reducing electricity usage.,still open
Beiersdorf,03/08/2023,98. Nivea named top-selling skincare brand in the US.,still open
Beiersdorf,03/08/2023,99. Beiersdorf partners with NGO to reduce waste in landfills.,still open
Beiersdorf,03/08/2023,100. Nivea introduces new line of bath products.,still open
Beiersdorf,03/08/2023,101. Beiersdorf implements new sustainability initiatives for packaging.,still open
Beiersdorf,03/08/2023,102. Nivea named best-selling skincare brand in France.,still open
Beiersdorf,03/08/2023,103. Beiersdorf launches new line of skincare products for sensitive skin.,still open
Beiersdorf,03/08/2023,104. Nivea introduces new line of body serums.,still open
Beiersdorf,03/08/2023,105. Beiersdorf recognizes employee volunteer work in local communities.,still open
Beiersdorf,03/08/2023,106. Nivea named top skincare brand in Italy.,still open
Beiersdorf,03/08/2023,107. Beiersdorf introduces new line of skincare products for oily skin.,still open
Beiersdorf,03/08/2023,108. Nivea launches new line of hand sanitizers.,still open
Beiersdorf,03/08/2023,109. Beiersdorf invests in digital marketing strategies.,still open
Beiersdorf,03/08/2023,110. Nivea named top-selling skincare brand in Spain.,still open
Beiersdorf,03/08/2023,111. Beiersdorf introduces new line of bath and body gift sets.,still open
Beiersdorf,03/08/2023,112. Nivea launches new line of cleansing wipes.,still open
Beiersdorf,03/08/2023,113. Beiersdorf partners with start-up to expand e-commerce offerings.,still open
Beiersdorf,03/08/2023,114. Nivea named best-selling skincare brand in South Africa.,still open
Beiersdorf,03/08/2023,115. Beiersdorf implements new initiatives to increase energy efficiency.,still open
Beiersdorf,03/08/2023,116. Nivea introduces new line of facial toners.,still open
Beiersdorf,03/08/2023,117. Beiersdorf announces new research and development center.,still open
Beiersdorf,03/08/2023,118. Nivea named top skincare brand in the Netherlands.,still open
Beiersdorf,03/08/2023,119. Beiersdorf launches new line of hand creams with SPF.,still open
Beiersdorf,03/08/2023,120. Nivea introduces new line of facial mists.,still open
Beiersdorf,03/08/2023,121. Beiersdorf invests in new technologies for product development.,still open
Beiersdorf,03/08/2023,122. Nivea named top-selling skincare brand in Portugal.,still open
Beiersdorf,03/08/2023,123. Beiersdorf introduces new line of skincare products for dry skin.,still open
Beiersdorf,03/08/2023,124. Nivea launches new line of body butter sticks.,still open
Beiersdorf,03/08/2023,125. Beiersdorf recognizes employee contributions to sustainability efforts.,still open
Beiersdorf,03/08/2023,126. Nivea named top skincare brand in Belgium.,still open
Beiersdorf,03/08/2023,127. Beiersdorf implements new initiatives to reduce paper waste.,still open
Beiersdorf,03/08/2023,128. Nivea introduces new line of facial scrubs.,still open
Beiersdorf,03/08/2023,129. Beiersdorf partners with NGO to support female entrepreneurs in developing countries.,still open
Beiersdorf,03/08/2023,130. Nivea named best-selling skincare brand in Greece.,still open
Beiersdorf,03/08/2023,131. Beiersdorf launches new line of skincare products for eczema-prone skin.,still open
Beiersdorf,03/08/2023,132. Nivea introduces new line of facial oils.,still open
Beiersdorf,03/08/2023,133. Beiersdorf invests in design and package innovations.,still open
Beiersdorf,03/08/2023,134. Nivea named top-selling skincare brand in Austria.,still open
Beiersdorf,03/08/2023,135. Beiersdorf launches new line of skincare products for combination skin.,still open
Beiersdorf,03/08/2023,136. Nivea introduces new line of cleansing oils.,still open
Beiersdorf,03/08/2023,137. Beiersdorf partners with local organizations to support communities in need.,still open
Beiersdorf,03/08/2023,138. Nivea named top skincare brand in Switzerland.,still open
Beiersdorf,03/08/2023,139. Beiersdorf introduces new line of skincare products for rosacea-prone skin.,still open
Beiersdorf,03/08/2023,140. Nivea launches new line of facial peels.,still open
Beiersdorf,03/08/2023,141. Beiersdorf invests in new product formulations.,still open
Beiersdorf,03/08/2023,142. Nivea named best-selling skincare brand in Denmark.,still open
Beiersdorf,03/08/2023,143. Beiersdorf launches new line of skincare products for sensitive eyes.,still open
Beiersdorf,03/08/2023,144. Nivea introduces new line of facial capsules.,still open
Beiersdorf,03/08/2023,145. Beiersdorf partners with NGO to support sustainable farming practices.,still open
Beiersdorf,03/08/2023,146. Nivea named top skincare brand in Sweden.,still open
Beiersdorf,03/08/2023,147. Beiersdorf implements new initiatives to reduce water consumption.,still open
Beiersdorf,03/08/2023,148. Nivea launches new line of facial essences.,still open
Beiersdorf,03/08/2023,149. Beiersdorf invests in customer engagement and loyalty programs.,still open
Beiersdorf,03/08/2023,150. Nivea named top-selling skincare brand in Norway.,still open
Beiersdorf,03/08/2023,151. Beiersdorf introduces new line of skincare products for melasma-prone skin.,still open
Beiersdorf,03/08/2023,152. Nivea launches new line of facial sprays.,still open
Beiersdorf,03/08/2023,153. Beiersdorf partners with local businesses to drive economic growth.,still open
Beiersdorf,03/08/2023,154. Nivea named top skincare brand in Finland.,still open
Beiersdorf,03/08/2023,155. Beiersdorf implements new initiatives to reduce greenhouse gas emissions.,still open
Beiersdorf,03/08/2023,156. Nivea introduces new line of facial patches.,still open
Beiersdorf,03/08/2023,157. Beiersdorf invests in innovative packaging solutions.,still open
Beiersdorf,03/08/2023,158. Nivea named best-selling skincare brand in Czech Republic.,still open
Beiersdorf,03/08/2023,159. Beiersdorf launches new line of skincare products for hyperpigmentation.,still open
Beiersdorf,03/08/2023,160. Nivea launches new line of facial rollers.,still open
Beiersdorf,03/08/2023,161. Beiersdorf partners with NGO to support refugee communities.,still open
Beiersdorf,03/08/2023,162. Nivea named top skincare brand in Poland.,still open
Beiersdorf,03/08/2023,163. Beiersdorf introduces new line of skincare products for anti-aging.,still open
Beiersdorf,03/08/2023,164. Nivea introduces new line of facial mousse.,still open
Beiersdorf,03/08/2023,165. Beiersdorf invests in educational programs for farmers.,still open
Beiersdorf,03/08/2023,166. Nivea named top-selling skincare brand in Romania.,still open
Beiersdorf,03/08/2023,167. Beiersdorf launches new line of skincare products for dark spots.,still open
Beiersdorf,03/08/2023,168. Nivea launches new line of facial gels.,still open
Beiersdorf,03/08/2023,169. Beiersdorf partners with local schools to improve education.,still open
Beiersdorf,03/08/2023,170. Nivea named top skincare brand in Hungary.,still open
Beiersdorf,03/08/2023,171. Beiersdorf implements new initiatives to reduce waste in production.,still open
Beiersdorf,03/08/2023,172. Nivea introduces new line of facial essences for men.,still open
Beiersdorf,03/08/2023,173. Beiersdorf invests in digital tools for customer service and support.,still open
Beiersdorf,03/08/2023,174. Nivea named top-selling skincare brand in Slovakia.,still open
Beiersdorf,03/08/2023,175. Beiersdorf launches new line of skincare products for sagging skin.,still open
Beiersdorf,03/08/2023,176. Nivea introduces new line of facial scrubs for men.,still open
Beiersdorf,03/08/2023,177. Beiersdorf partners with NGO to support disaster relief efforts.,still open
Beiersdorf,03/08/2023,178. Nivea named top skincare brand in Croatia.,still open
Beiersdorf,03/08/2023,179. Beiersdorf invests in employee wellness programs.,still open
Beiersdorf,03/08/2023,180. Nivea introduces new line of facial masks for men.,still open
Beiersdorf,03/08/2023,181. Beiersdorf launches new line of skincare products for dark circles.,still open
Beiersdorf,03/08/2023,182. Nivea named top-selling skincare brand in Slovenia.,still open
Beiersdorf,03/08/2023,183. Beiersdorf implements new initiatives to reduce carbon footprint.,still open
Beiersdorf,03/08/2023,184. Nivea introduces new line of facial creams for men.,still open
Beiersdorf,03/08/2023,185. Beiersdorf invests in sustainable agricultural practices.,still open
Beiersdorf,03/08/2023,186. Nivea named top skincare brand in Bulgaria.,still open
Beiersdorf,03/08/2023,187. Beiersdorf launches new line of skincare products for wrinkles.,still open
Beiersdorf,03/08/2023,188. Nivea introduces new line of facial toners for men.,still open
Beiersdorf,03/08/2023,189. Beiersdorf partners with NGO to support animal welfare.,still open
Beiersdorf,03/08/2023,190. Nivea named top-selling skincare brand in Bosnia and Herzegovina.,still open
Beiersdorf,03/08/2023,191. Beiersdorf implements new initiatives to reduce plastic waste.,still open
Beiersdorf,03/08/2023,192. Nivea introduces new line of facial oils for men.,still open
Beiersdorf,03/08/2023,193. Beiersdorf invests in renewable energy projects.,still open
Beiersdorf,03/08/2023,194. Nivea named top skincare brand in Serbia.,still open
Beiersdorf,03/08/2023,195. Beiersdorf launches new line of skincare products for fine lines.,still open
Beiersdorf,03/08/2023,196. Nivea introduces new line of facial serums for men.,still open
Beiersdorf,03/08/2023,197. Beiersdorf partners with community organizations to address social issues.,still open
Beiersdorf,03/08/2023,198. Nivea named top-selling skincare brand in Montenegro.,still open
Beiersdorf,03/08/2023,199. Beiersdorf implements new initiatives to reduce energy consumption.,still open
Beiersdorf,03/08/2023,200. Nivea introduces new line of facial cleansers for men.,still open
