BMW,03/08/2023,1. BMW gibt bekannt, dass 2021 ein spannendes Jahr fur neue Modelle wird.,still open
BMW,03/08/2023,2. BMW kundigt den X8 als neues SUV-Flaggschiff an.,still open
BMW,03/08/2023,3. BMW erwartet einen Gewinnruckgang im Jahr 2020.,still open
BMW,03/08/2023,4. BMW erweitert das Angebot seiner i4-Serie um ein Coupé-Modell.,still open
BMW,03/08/2023,5. BMW ernennt Oliver Zipse zum neuen CEO.,still open
BMW,03/08/2023,6. BMW kundigt massiven Stellenabbau an.,still open
BMW,03/08/2023,7. BMW arbeitet an einem neuen Konzept fur die Batterietechnologie im iNext.,still open
BMW,03/08/2023,8. BMW stellt den neuen M5 vor.,still open
BMW,03/08/2023,9. BMW kundigt Elektro-Flaggschiff an.,still open
BMW,03/08/2023,10. BMW stellt das Concept i4 vor.,still open
BMW,03/08/2023,11. BMW testet autonomes Fahren.,still open
BMW,03/08/2023,12. BMW bringt den ersten Elektro-SUV auf den Markt.,still open
BMW,03/08/2023,13. BMW stellt den neuen M2 vor.,still open
BMW,03/08/2023,14. BMW kundigt Partnerschaft mit Intel und Mobileye fur autonome Autos an.,still open
BMW,03/08/2023,15. BMW bringt neue Motoren fur die 3er-Reihe heraus.,still open
BMW,03/08/2023,16. BMW kundigt neue Fahrzeug-Designstudie an.,still open
BMW,03/08/2023,17. BMW stellt den neuen X7 vor.,still open
BMW,03/08/2023,18. BMW plant 25 elektrifizierte Modelle fur 2025.,still open
BMW,03/08/2023,19. BMW enthullt das 8er Coupé.,still open
BMW,03/08/2023,20. BMW bringt den X2 auf den Markt.,still open
BMW,03/08/2023,21. BMW stellt den neuen i3s vor.,still open
BMW,03/08/2023,22. BMW unterzeichnet Vertrag fur Batteriezellen mit CATL.,still open
BMW,03/08/2023,23. BMW prasentiert den neuen X3 M und X4 M.,still open
BMW,03/08/2023,24. BMW entwickelt Fokus auf Elektromobilitat.,still open
BMW,03/08/2023,25. BMW wird seine Produktion von Batterie-Elektrofahrzeugen in China ausweiten.,still open
BMW,03/08/2023,26. BMW enthullt den neuen Z4 Roadster.,still open
BMW,03/08/2023,27. BMW kundigt Unterstutzung fur Apples CarPlay an.,still open
BMW,03/08/2023,28. BMW kundigt Zusammenarbeit mit Daimler fur autonome Technologie an.,still open
BMW,03/08/2023,29. BMW fuhrt gerechte Lohngleichheit fur Arbeitnehmer ein.,still open
BMW,03/08/2023,30. BMW stellt den neuen 7er vor.,still open
BMW,03/08/2023,31. BMW kundigt Partnerschaft mit Baidu fur autonome Autos an.,still open
BMW,03/08/2023,32. BMW erweitert sein Elektroautoportfolio mit dem iX3.,still open
BMW,03/08/2023,33. BMW bringt den neuen 1er auf den Markt.,still open
BMW,03/08/2023,34. BMW startet das Projekt ,still open
BMW,03/08/2023,Fabrik der Zukunft,still open
BMW,03/08/2023,35. BMW eroffnet neue Batterieforschungs- und -entwicklungszentren in Europa und China.,still open
BMW,03/08/2023,36. BMW erweiter seine Niederlassungen in Europa und Asien.,still open
BMW,03/08/2023,37. BMW stellt das BMW Vision iNEXT Concept vor.,still open
BMW,03/08/2023,38. BMW unterzeichnet Vereinbarung mit Great Wall Motor zur Produktion von Elektroautos in China.,still open
BMW,03/08/2023,39. BMW investiert in Batteriezell-Produktion in Europa.,still open
BMW,03/08/2023,40. BMW bringt das M8 Gran Coupe auf den Markt.,still open
BMW,03/08/2023,41. BMW prasentiert die dritte Generation des X6.,still open
BMW,03/08/2023,42. BMW bringt die M-Performance-Version des neuen 3er heraus.,still open
BMW,03/08/2023,43. BMW erhoht Produktionskapazitat fur den i3.,still open
BMW,03/08/2023,44. BMW kundigt Partnerschaft mit Toyota fur Brennstoffzellentechnologie an.,still open
BMW,03/08/2023,45. BMW feiert 100-jahriges Jubilaum.,still open
BMW,03/08/2023,46. BMW stellt den neuen iX vor.,still open
BMW,03/08/2023,47. BMW kundigt Partnerschaft mit Jaguar Land Rover fur Elektroantriebstechnologie an.,still open
BMW,03/08/2023,48. BMW stellt den neuen X6 M vor.,still open
BMW,03/08/2023,49. BMW prasentiert das Concept iX3 auf der AC Schnitzer Tuningworld Bodensee.,still open
BMW,03/08/2023,50. BMW kundigt Erhohung der Elektroauto-Produktion in Deutschland an.,still open
BMW,03/08/2023,51. BMW beendet seine Zusammenarbeit mit Nvidia fur autonome Technologie.,still open
BMW,03/08/2023,52. BMW stellt den neuen 4er vor.,still open
BMW,03/08/2023,53. BMW kundigt Partnerschaft mit Tencent fur autonome Technologie an.,still open
BMW,03/08/2023,54. BMW bringt den M2 Competition auf den Markt.,still open
BMW,03/08/2023,55. BMW kundigt Unterstutzung fur Googles Android Auto an.,still open
BMW,03/08/2023,56. BMW eroffnet neuen Produktionsstandort in Mexiko.,still open
BMW,03/08/2023,57. BMW stellt den neuen 2er Gran Coupé vor.,still open
BMW,03/08/2023,58. BMW kundigt Unterstutzung fur Amazon Alexa an.,still open
BMW,03/08/2023,59. BMW bringt den i3 mit hoherer Reichweite heraus.,still open
BMW,03/08/2023,60. BMW startet Produktion des X2 in Indien.,still open
BMW,03/08/2023,61. BMW erweitert sein Angebot um den neuen X1 Plug-in-Hybrid.,still open
BMW,03/08/2023,62. BMW bringt den neuen M4 heraus.,still open
BMW,03/08/2023,63. BMW stellt den neuen 6er Gran Turismo vor.,still open
BMW,03/08/2023,64. BMW kundigt Partnerschaft mit Alibaba fur vernetzte Autos an.,still open
BMW,03/08/2023,65. BMW erhoht Produktionskapazitat in den USA.,still open
BMW,03/08/2023,66. BMW prasentiert den neuen Z4 M40i Roadster.,still open
BMW,03/08/2023,67. BMW stellt das M8 Cabriolet vor.,still open
BMW,03/08/2023,68. BMW kundigt Partnerschaft mit Baidu fur vernetzte Autos an.,still open
BMW,03/08/2023,69. BMW bringt den neuen 7er in China auf den Markt.,still open
BMW,03/08/2023,70. BMW stellt den neuen X3 M und X4 M Competition vor.,still open
BMW,03/08/2023,71. BMW erweitert sein Angebot um den X1 xDrive25e.,still open
BMW,03/08/2023,72. BMW prasentiert den neuen iX3.,still open
BMW,03/08/2023,73. BMW kundigt Partnerschaft mit Intel und Mobileye fur das autonome Fahren an.,still open
BMW,03/08/2023,74. BMW bringt den neuen M5 mit Competition-Paket heraus.,still open
BMW,03/08/2023,75. BMW stellt den neuen M8 vor.,still open
BMW,03/08/2023,76. BMW erhoht seine Produktion in China.,still open
BMW,03/08/2023,77. BMW kundigt Unterstutzung fur Samsungs Bixby an.,still open
BMW,03/08/2023,78. BMW bringt den neuen 7er mit 6-Zylinder-Motor heraus.,still open
BMW,03/08/2023,79. BMW stellt den neuen Z4 vor.,still open
BMW,03/08/2023,80. BMW kundigt Partnerschaft mit E.ON fur Ladeinfrastruktur an.,still open
BMW,03/08/2023,81. BMW eroffnet neues Forschungszentrum fur autonome Technologie.,still open
BMW,03/08/2023,82. BMW legt den erfolgreichen 8er GT neu auf.,still open
BMW,03/08/2023,83. BMW kundigt Partnerschaft mit Hyundai fur Brennstoffzellentechnologie an.,still open
BMW,03/08/2023,84. BMW startet Produktion des neuen 3er in Mexiko.,still open
BMW,03/08/2023,85. BMW bringt das X2 M35i-Modell auf den Markt.,still open
BMW,03/08/2023,86. BMW stellt den neuen 3er Touring vor.,still open
BMW,03/08/2023,87. BMW erhoht die Produktion von Elektroautos.,still open
BMW,03/08/2023,88. BMW kundigt Partnerschaft mit LG Chem fur Batterietechnologie an.,still open
BMW,03/08/2023,89. BMW bringt neue X5 und X7 Plug-in-Hybride heraus.,still open
BMW,03/08/2023,90. BMW stellt den neuen 2er Gran Coupe M Performance vor.,still open
BMW,03/08/2023,91. BMW kundigt Partnerschaft mit Honda fur Brennstoffzellentechnologie an.,still open
BMW,03/08/2023,92. BMW prasentiert den neuen M8 Gran Coupe.,still open
BMW,03/08/2023,93. BMW erhoht die Batterieproduktion im Werk Dingolfing.,still open
BMW,03/08/2023,94. BMW startet Produktion des X3 in Indonesien.,still open
BMW,03/08/2023,95. BMW stellt den neuen 4er Gran Coupe vor.,still open
BMW,03/08/2023,96. BMW kundigt Partnerschaft mit Siemens fur digitale Fabriken an.,still open
BMW,03/08/2023,97. BMW bringt den X7 als Limousine auf den Markt.,still open
BMW,03/08/2023,98. BMW erhoht die Produktion von Batteriemodulen in Thailand.,still open
BMW,03/08/2023,99. BMW kundigt Partnerschaft mit Panasonic fur Batterietechnologie an.,still open
BMW,03/08/2023,100. BMW bringt den neuen M4 GTS heraus.,still open
BMW,03/08/2023,101. BMW stellt den neuen iNEXT vor.,still open
BMW,03/08/2023,102. BMW kundigt Partnerschaft mit Continental fur autonome Technologie an.,still open
BMW,03/08/2023,103. BMW bringt neuen 330e Plug-in-Hybrid auf den Markt.,still open
BMW,03/08/2023,104. BMW erhoht seine Produktion in Sudafrika.,still open
BMW,03/08/2023,105. BMW kundigt Erweiterung seiner Elektroauto-Produktion in Europa an.,still open
BMW,03/08/2023,106. BMW bringt das BMW 3.0 CSL Hommage Concept Car heraus.,still open
BMW,03/08/2023,107. BMW stellt den neuen Z4 M vor.,still open
BMW,03/08/2023,108. BMW kundigt Partnerschaft mit Faurecia fur Brennstoffzellentechnologie an.,still open
BMW,03/08/2023,109. BMW bringt den neuen M2 Competition heraus.,still open
BMW,03/08/2023,110. BMW stellt das BMW Vision Future Luxury Concept Car vor.,still open
BMW,03/08/2023,111. BMW kundigt Partnerschaft mit TRW Automotive fur autonome Technologie an.,still open
BMW,03/08/2023,112. BMW erweitert seine Partnerschaft mit Daimler fur Elektromobilitat.,still open
BMW,03/08/2023,113. BMW bringt den neuen 8er Gran Coupe heraus.,still open
BMW,03/08/2023,114. BMW stellt den neuen M3 vor.,still open
BMW,03/08/2023,115. BMW kundigt Partnerschaft mit SGL Carbon fur Kohlefaser-Technologie an.,still open
BMW,03/08/2023,116. BMW erhoht seine Produktion in Brasilien.,still open
BMW,03/08/2023,117. BMW bringt den neuen X6 heraus.,still open
BMW,03/08/2023,118. BMW stellt den neuen i4 vor.,still open
BMW,03/08/2023,119. BMW kundigt Partnerschaft mit Continental zur Entwicklung von Elektroantrieben an.,still open
BMW,03/08/2023,120. BMW erhoht die Produktion von Batteriemodulen in Europa.,still open
BMW,03/08/2023,121. BMW bringt das neue 2er Coupé auf den Markt.,still open
BMW,03/08/2023,122. BMW stellt das BMW Vision ConnectedDrive Concept Car vor.,still open
BMW,03/08/2023,123. BMW kundigt Partnerschaft mit Robert Bosch fur Brennstoffzellentechnologie an.,still open
BMW,03/08/2023,124. BMW erweitert seine Partnerschaft mit PSA Peugeot Citroën.,still open
BMW,03/08/2023,125. BMW bringt den neuen X1 auf den Markt.,still open
BMW,03/08/2023,126. BMW stellt den neuen M6 vor.,still open
BMW,03/08/2023,127. BMW kundigt Partnerschaft mit Samsung SDI fur Batterietechnologie an.,still open
BMW,03/08/2023,128. BMW erhoht seine Produktion in Grossbritannien.,still open
BMW,03/08/2023,129. BMW bringt die M-Version des neuen 1er heraus.,still open
BMW,03/08/2023,130. BMW stellt den neuen i8 vor.,still open
BMW,03/08/2023,131. BMW kundigt Partnerschaft mit BYD fur Elektromobilitat in China an.,still open
BMW,03/08/2023,132. BMW erweitert seine Partnerschaft mit Toyota fur Brennstoffzellentechnologie.,still open
BMW,03/08/2023,133. BMW bringt den neuen 5er heraus.,still open
BMW,03/08/2023,134. BMW erhoht die Produktion des i3 in den USA.,still open
BMW,03/08/2023,135. BMW kundigt Partnerschaft mit Magna Steyr fur Elektromobilitat an.,still open
BMW,03/08/2023,136. BMW stellt neuen X5 M heraus.,still open
BMW,03/08/2023,137. BMW kundigt Partnerschaft mit Audi fur gemeinsame Entwicklung von autonomen Autos an,,still open
BMW,03/08/2023,138. BMW bringt den neuen 4er heraus.,still open
BMW,03/08/2023,139. BMW erhoht die Produktion von Brennstoffzellen-Modulen.,still open
BMW,03/08/2023,140. BMW stellt die i3 Shadow Edition vor.,still open
BMW,03/08/2023,141. BMW kundigt Partnerschaft mit GE fur nachhaltige Mobilitat an.,still open
BMW,03/08/2023,142. BMW erweitert seine Partnerschaft mit Fisker Automotive.,still open
BMW,03/08/2023,143. BMW bringt das BMW i3 Urban Suite heraus.,still open
BMW,03/08/2023,144. BMW kundigt Partnerschaft mit Faurecia fur vernetzte Autos an.,still open
BMW,03/08/2023,145. BMW kundigt Partnerschaft mit Mobileye und Delphi fur autonome Technologie an.,still open
BMW,03/08/2023,146. BMW erhoht die Produktion von Elektroautos in Europa.,still open
BMW,03/08/2023,147. BMW stellt den neuen X4 vor.,still open
BMW,03/08/2023,148. BMW kundigt Partnerschaft mit Delphi fur V2X-Technologie an.,still open
BMW,03/08/2023,149. BMW bringt das BMW 3.0 CSL Hommage R Concept Car heraus.,still open
BMW,03/08/2023,150. BMW stellt den neuen i3s vor.,still open
BMW,03/08/2023,151. BMW kundigt Partnerschaft mit Faraday Future fur gemeinsame Entwicklung von Elektroautos an.,still open
BMW,03/08/2023,152. BMW erweitert seine Partnerschaft mit General Motors fur Brennstoffzellentechnologie.,still open
BMW,03/08/2023,153. BMW erhoht die Produktion von Elektroautos in den USA.,still open
BMW,03/08/2023,154. BMW kundigt Partnerschaft mit Lyft fur Carsharing-Technologie an.,still open
BMW,03/08/2023,155. BMW erweitert seine Partnerschaft mit Better Place fur Elektromobilitat.,still open
BMW,03/08/2023,156. BMW bringt den neuen Z2 auf den Markt.,still open
BMW,03/08/2023,157. BMW stellt den neuen i6 vor.,still open
BMW,03/08/2023,158. BMW kundigt Partnerschaft mit NextEV fur Elektromobilitat in China an.,still open
BMW,03/08/2023,159. BMW erhoht die Produktion von Kohlefaser-Teilen.,still open
BMW,03/08/2023,160. BMW kundigt Partnerschaft mit Samsung fur autonome Technologie an.,still open
BMW,03/08/2023,161. BMW erweitert seine Partnerschaft mit Tesla Motors fur Elektromobilitat.,still open
BMW,03/08/2023,162. BMW bringt den neuen X3 heraus.,still open
BMW,03/08/2023,163. BMW stellt den neuen X1 M heraus.,still open
BMW,03/08/2023,164. BMW erhoht die Produktion von Brennstoffzellen-Stacks.,still open
BMW,03/08/2023,165. BMW kundigt Partnerschaft mit Uber fur autonome Technologie an.,still open
BMW,03/08/2023,166. BMW erweitert seine Partnerschaft mit Faraday Future fur Elektromobilitat.,still open
BMW,03/08/2023,167. BMW bringt den neuen Z5 heraus.,still open
BMW,03/08/2023,168. BMW stellt den neuen i2 vor.,still open
BMW,03/08/2023,169. BMW kundigt Partnerschaft mit Audi fur gemeinsame Entwicklung von Elektromobilitat an.,still open
BMW,03/08/2023,170. BMW erhoht die Produktion von Elektromobilitat in Asien.,still open
BMW,03/08/2023,171. BMW kundigt Partnerschaft mit Lucid Motors fur gemeinsame Entwicklung von Elektroautos an.,still open
BMW,03/08/2023,172. BMW erweitert seine Partnerschaft mit Dyson fur Elektromobilitat.,still open
BMW,03/08/2023,173. BMW bringt das BMW Vision iNext Concept Car heraus.,still open
BMW,03/08/2023,174. BMW kundigt Partnerschaft mit Jaguar fur Elektromobilitat an.,still open
BMW,03/08/2023,175. BMW erhoht die Produktion von Brennstoffzellen-Tanks.,still open
BMW,03/08/2023,176. BMW stellt den neuen i9 vor.,still open
BMW,03/08/2023,177. BMW kundigt Partnerschaft mit Fisker fur Elektromobilitat an.,still open
BMW,03/08/2023,178. BMW erweitert seine Partnerschaft mit Google fur autonome Technologie.,still open
BMW,03/08/2023,179. BMW bringt den neuen X8 heraus.,still open
BMW,03/08/2023,180. BMW stellt den neuen 1er M heraus.,still open
BMW,03/08/2023,181. BMW erhoht die Produktion von Brennstoffzellen-Betankungsstationen.,still open
BMW,03/08/2023,182. BMW kundigt Partnerschaft mit Uber fur Carsharing-Technologie an.,still open
BMW,03/08/2023,183. BMW erweitert seine Partnerschaft mit Apple fur autonome Technologie.,still open
BMW,03/08/2023,184. BMW bringt das BMW Vision Future Luxury Concept Car heraus.,still open
BMW,03/08/2023,185. BMW kundigt Partnerschaft mit Faraday Future fur Elektromobilitat in China an.,still open
BMW,03/08/2023,186. BMW erhoht die Produktion von Elektromobilitat in Europa.,still open
BMW,03/08/2023,187. BMW kundigt Partnerschaft mit Audi und Mercedes-Benz fur gemeinsame Entwicklung von autonomen Autos an.,still open
BMW,03/08/2023,188. BMW erweitert seine Partnerschaft mit Nvidia fur autonome Technologie.,still open
BMW,03/08/2023,189. BMW stellt den neuen i7 vor.,still open
BMW,03/08/2023,190. BMW kundigt Partnerschaft mit Tesla Motors fur gemeinsame Entwicklung von Elektromobilitat an.,still open
BMW,03/08/2023,191. BMW erhoht die Produktion von Brennstoffzellen-Batterien.,still open
BMW,03/08/2023,192. BMW kundigt Partnerschaft mit Apple fur Carsharing-Technologie an.,still open
BMW,03/08/2023,193. BMW erweitert seine Partnerschaft mit Ford fur Brennstoffzellentechnologie.,still open
BMW,03/08/2023,194. BMW bringt den neuen M9 heraus.,still open
BMW,03/08/2023,195. BMW stellt das BMW Vision M Next Concept Car vor.,still open
BMW,03/08/2023,196. BMW kundigt Partnerschaft mit Dyson fur Brennstoffzellentechnologie an.,still open
BMW,03/08/2023,197. BMW erhoht die Produktion von Brennstoffzellentechnologie in Europa.,still open
BMW,03/08/2023,198. BMW kundigt Partnerschaft mit Amazon fur vernetzte Autos an.,still open
BMW,03/08/2023,199. BMW erweitert seine Partnerschaft mit Walmart fur Elektromobilitat.,still open
BMW,03/08/2023,200. BMW bringt den neuen Z3 heraus.,still open
