Covestro,03/08/2023,1. Covestro stellt neue Hochleistungs-Polymere vor,still open
Covestro,03/08/2023,2. Covestro erreicht neue Produktionsrekordzahlen,still open
Covestro,03/08/2023,3. Covestro eroffnet neues Forschungs- und Entwicklungszentrum,still open
Covestro,03/08/2023,4. Covestro prasentiert innovative Verbundwerkstoffe auf der Hannover Messe,still open
Covestro,03/08/2023,5. Covestro stoppt Produktion aufgrund von Extremwetterereignissen,still open
Covestro,03/08/2023,6. Covestro investiert in den Ausbau seiner Produktionskapazitaten,still open
Covestro,03/08/2023,7. Covestro startet Initiative zur Forderung nachhaltiger Produktion,still open
Covestro,03/08/2023,8. Covestro veroffentlicht Jahresbericht mit starkem Wachstum,still open
Covestro,03/08/2023,9. Covestro erhalt Auszeichnung fur Umweltfreundlichkeit,still open
Covestro,03/08/2023,10. Covestro unterzeichnet Abkommen zur Zusammenarbeit mit chinesischem Unternehmen,still open
Covestro,03/08/2023,11. Covestro veroffentlicht Quartalsbericht mit Rekordergebnissen,still open
Covestro,03/08/2023,12. Covestro prasentiert recycelte Kunststofflosungen,still open
Covestro,03/08/2023,13. Covestro und BMW entwickeln gemeinsam neue Leichtbauwerkstoffe,still open
Covestro,03/08/2023,14. Covestro geht Partnerschaft mit Recycling-Unternehmen ein,still open
Covestro,03/08/2023,15. Covestro kundigt Investitionen in erneuerbare Energien an,still open
Covestro,03/08/2023,16. Covestro kauft fuhrendes Unternehmen im Bereich der Polyurethan-Schaumstoffe,still open
Covestro,03/08/2023,17. Covestro schliesst Partnerschaft mit Start-up zur Entwicklung von innovativen Materialien,still open
Covestro,03/08/2023,18. Covestro stellt weltweit erste vollstandig biologisch abbaubare Kunststoffe vor,still open
Covestro,03/08/2023,19. Covestro erhalt Auszeichnung fur beste Innovationskultur,still open
Covestro,03/08/2023,20. Covestro kundigt Grundung eines Joint Ventures mit chinesischem Unternehmen an,still open
Covestro,03/08/2023,21. Covestro erweitert Anwendungsbereich seiner Produkte,still open
Covestro,03/08/2023,22. Covestro stellt neue nachhaltige Produktionsmethode vor,still open
Covestro,03/08/2023,23. Covestro unterstutzt Wissenschaftler bei der Entwicklung neuer Technologien,still open
Covestro,03/08/2023,24. Covestro und Siemens kooperieren bei der Entwicklung von intelligenten Produkten,still open
Covestro,03/08/2023,25. Covestro beendet Kooperation mit Kunststoffhersteller nach Klage wegen Patentrechtsverletzung,still open
Covestro,03/08/2023,26. Covestro kooperiert mit Start-up zur Entwicklung neuer biologisch abbaubarer Materialien,still open
Covestro,03/08/2023,27. Covestro stellt neues Material zur Herstellung von Isolierschaum vor,still open
Covestro,03/08/2023,28. Covestro prasentiert auf der K 2019 neue Entwicklungen in der Kunststoffindustrie,still open
Covestro,03/08/2023,29. Covestro eroffnet Produktionsstandort in den USA,still open
Covestro,03/08/2023,30. Covestro setzt auf Digitalisierung in der Produktion,still open
Covestro,03/08/2023,31. Covestro wird Hauptsponsor der deutschen Klimamarsch-Bewegung,still open
Covestro,03/08/2023,32. Covestro investiert in den Ausbau seiner Geschaftsbeziehungen in Asien,still open
Covestro,03/08/2023,33. Covestro arbeitet am Einsatz von 3D-Druck in der Produktion,still open
Covestro,03/08/2023,34. Covestro kauft fuhrendes Unternehmen im Bereich der Polyurethan-Weichschaumstoffe,still open
Covestro,03/08/2023,35. Covestro und BASF kooperieren bei der Entwicklung von neuen Materialien,still open
Covestro,03/08/2023,36. Covestro stellt neuen Werkstoff fur die Bauindustrie vor,still open
Covestro,03/08/2023,37. Covestro entwickelt innovative Losungen fur die Automobilbranche,still open
Covestro,03/08/2023,38. Covestro setzt auf Nachhaltigkeit in der Produktion,still open
Covestro,03/08/2023,39. Covestro erweitert Angebot an Biokunststoffen,still open
Covestro,03/08/2023,40. Covestro begrusst EU-Verbot von Einweg-Plastikprodukten,still open
Covestro,03/08/2023,41. Covestro stellt neues Verfahren zur Herstellung von Polyurethanen vor,still open
Covestro,03/08/2023,42. Covestro geht Allianz mit Recyclingunternehmen ein,still open
Covestro,03/08/2023,43. Covestro erhalt Auszeichnung fur Human Capital Management,still open
Covestro,03/08/2023,44. Covestro eroffnet neues Buro in China,still open
Covestro,03/08/2023,45. Covestro kundigt Partnerschaft mit Start-up zur Entwicklung von neuen Materialien an,still open
Covestro,03/08/2023,46. Covestro entwickelt neues Verfahren zur Herstellung von Polyurethan-Weichschaum,still open
Covestro,03/08/2023,47. Covestro beruft neuen Vorstandsvorsitzenden,still open
Covestro,03/08/2023,48. Covestro setzt auf Kreislaufwirtschaft in der Produktion,still open
Covestro,03/08/2023,49. Covestro erweitert Angebot an Hochleistungskunststoffen,still open
Covestro,03/08/2023,50. Covestro investiert in den Ausbau seiner Produktionsanlagen in Europa,still open
Covestro,03/08/2023,51. Covestro finanziert Forschung zur Erforschung neuer Materialien,still open
Covestro,03/08/2023,52. Covestro kooperiert mit europaischen Partnern zur Forderung von Forschung und Innovation,still open
Covestro,03/08/2023,53. Covestro stellt innovative Tragermaterialien fur die Landwirtschaft vor,still open
Covestro,03/08/2023,54. Covestro setzt auf Digitalisierung im Marketing,still open
Covestro,03/08/2023,55. Covestro kauft fuhrendes Unternehmen im Bereich der Polyurethan-Spritzguss-Technologie,still open
Covestro,03/08/2023,56. Covestro veroffentlicht Nachhaltigkeitsbericht mit positivem Ergebnis,still open
Covestro,03/08/2023,57. Covestro eroffnet neues Technologiezentrum in Asien,still open
Covestro,03/08/2023,58. Covestro erhalt Auszeichnung fur Kundenorientierung,still open
Covestro,03/08/2023,59. Covestro entwickelt neue Materialien fur den Einsatz im Gesundheitswesen,still open
Covestro,03/08/2023,60. Covestro kundigt Kooperation mit Start-up zur Entwicklung von umweltfreundlichen Verpackungen an,still open
Covestro,03/08/2023,61. Covestro setzt auf Nachhaltigkeit in der Produktentwicklung,still open
Covestro,03/08/2023,62. Covestro verbessert Prozesse zur Reduktion von CO2-Emissionen,still open
Covestro,03/08/2023,63. Covestro erhalt Auszeichnung fur Corporate Social Responsibility,still open
Covestro,03/08/2023,64. Covestro und Ikea kooperieren bei der Entwicklung neuer Materialien,still open
Covestro,03/08/2023,65. Covestro erweitert Angebot an Polycarbonat-Produkten,still open
Covestro,03/08/2023,66. Covestro grundet Innovationszentrum fur nachhaltige Materialien,still open
Covestro,03/08/2023,67. Covestro investiert in den Ausbau seines Recyclinggeschafts,still open
Covestro,03/08/2023,68. Covestro setzt auf Digitalisierung im Kundenservice,still open
Covestro,03/08/2023,69. Covestro kooperiert mit US-Unternehmen zur Entwicklung von Produkten auf Basis erneuerbarer Energien,still open
Covestro,03/08/2023,70. Covestro kauft fuhrendes Unternehmen im Bereich des Spritzguss-Verfahrens,still open
Covestro,03/08/2023,71. Covestro eroffnet neues Buro in Indien,still open
Covestro,03/08/2023,72. Covestro prasentiert auf der K 2022 neue Entwicklungen in der Kunststoffindustrie,still open
Covestro,03/08/2023,73. Covestro entwickelt neue Materialien fur den Einsatz in der Elektronikindustrie,still open
Covestro,03/08/2023,74. Covestro verbessert Prozesse zur Reduktion von Energieverbrauch und Wasserverbrauch,still open
Covestro,03/08/2023,75. Covestro setzt auf Nachhaltigkeit in der Lieferkette,still open
Covestro,03/08/2023,76. Covestro und Ford kooperieren bei der Entwicklung von Leichtbauwerkstoffen,still open
Covestro,03/08/2023,77. Covestro erweitert Angebot an thermoplastischen Polyurethanen,still open
Covestro,03/08/2023,78. Covestro beteiligt sich an Forschungsprojekt zur Erforschung neuer Materialien,still open
Covestro,03/08/2023,79. Covestro kauft fuhrendes Unternehmen im Bereich der Polyurethan-Giesstechnologie,still open
Covestro,03/08/2023,80. Covestro erhalt Auszeichnung fur Nachhaltigkeit in der Produktion,still open
Covestro,03/08/2023,81. Covestro setzt auf Kreislaufwirtschaft in der Produktionsplanung,still open
Covestro,03/08/2023,82. Covestro eroffnet neues Buro in Australien,still open
Covestro,03/08/2023,83. Covestro investiert in den Ausbau seiner Produktionskapazitaten in den USA,still open
Covestro,03/08/2023,84. Covestro und Evonik kooperieren bei der Entwicklung neuer Materialien,still open
Covestro,03/08/2023,85. Covestro prasentiert innovative Losungen fur die Verpackungsindustrie,still open
Covestro,03/08/2023,86. Covestro setzt auf Nachhaltigkeit in der Beschaffung,still open
Covestro,03/08/2023,87. Covestro erweitert Angebot an Polyurethanen fur die Automobilindustrie,still open
Covestro,03/08/2023,88. Covestro entwickelt neue Materialien fur den Einsatz in der Solarbranche,still open
Covestro,03/08/2023,89. Covestro verbessert Prozesse zur Reduktion von Abfall und Emissionen,still open
Covestro,03/08/2023,90. Covestro setzt auf Digitalisierung im Personalwesen,still open
Covestro,03/08/2023,91. Covestro und Audi kooperieren bei der Entwicklung von Leichtbauwerkstoffen,still open
Covestro,03/08/2023,92. Covestro eroffnet neues Buro in Sudamerika,still open
Covestro,03/08/2023,93. Covestro kundigt Kooperation mit Start-up zur Entwicklung von umweltfreundlichen Dichtungsmaterialien an,still open
Covestro,03/08/2023,94. Covestro investiert in den Ausbau seiner Produktionsanlagen in Asien,still open
Covestro,03/08/2023,95. Covestro und Samsung kooperieren bei der Entwicklung innovativer Materialien,still open
Covestro,03/08/2023,96. Covestro stellt neue Losungen fur die Windenergieindustrie vor,still open
Covestro,03/08/2023,97. Covestro setzt auf Nachhaltigkeit in der Verwaltung,still open
Covestro,03/08/2023,98. Covestro erweitert Angebot an Polycarbonaten fur die Bauindustrie,still open
Covestro,03/08/2023,99. Covestro und Continental kooperieren bei der Entwicklung von Leichtbauwerkstoffen fur die Automobilindustrie,still open
Covestro,03/08/2023,100. Covestro verbessert Prozesse zur Reduktion von Wasser- und Stromverbrauch,still open
Covestro,03/08/2023,101. Covestro setzt auf Digitalisierung im Supply Chain Management,still open
Covestro,03/08/2023,102. Covestro erhalt Auszeichnung fur die Forderung von Forschung und Innovation,still open
Covestro,03/08/2023,103. Covestro und Pirelli kooperieren bei der Entwicklung neuer Hochleistungsreifen,still open
Covestro,03/08/2023,104. Covestro eroffnet neues Buro in Afrika,still open
Covestro,03/08/2023,105. Covestro kauft fuhrendes Unternehmen im Bereich der Polyurethan-Klebstoffe,still open
Covestro,03/08/2023,106. Covestro investiert in den Ausbau seines Biokunststoff-Geschafts,still open
Covestro,03/08/2023,107. Covestro setzt auf Kreislaufwirtschaft in der Logistik,still open
Covestro,03/08/2023,108. Covestro und Goodyear kooperieren bei der Entwicklung neuer Materialien fur die Reifenproduktion,still open
Covestro,03/08/2023,109. Covestro erweitert Angebot an Polycarbonaten fur die Elektronikindustrie,still open
Covestro,03/08/2023,110. Covestro und VW kooperieren bei der Entwicklung von innovativen Materialien fur die Automobilindustrie,still open
Covestro,03/08/2023,111. Covestro verbessert Prozesse zur Reduktion von Treibhausgasemissionen,still open
Covestro,03/08/2023,112. Covestro setzt auf Nachhaltigkeit im Finanzwesen,still open
Covestro,03/08/2023,113. Covestro eroffnet neues Buro in Kanada,still open
Covestro,03/08/2023,114. Covestro kauft fuhrendes Unternehmen im Bereich der Polyurethan-Lacke,still open
Covestro,03/08/2023,115. Covestro investiert in den Ausbau seiner Produktionskapazitaten in Europa,still open
Covestro,03/08/2023,116. Covestro setzt auf Digitalisierung im Risikomanagement,still open
Covestro,03/08/2023,117. Covestro und Lufthansa Technik kooperieren bei der Entwicklung von Leichtbauwerkstoffen fur die Luftfahrtindustrie,still open
Covestro,03/08/2023,118. Covestro erweitert Angebot an Polyurethanen fur die Mobelindustrie,still open
Covestro,03/08/2023,119. Covestro entwickelt neue Materialien fur den Einsatz in der Medizintechnik,still open
Covestro,03/08/2023,120. Covestro verbessert Prozesse zur Reduktion von Verpackungsmull,still open
Covestro,03/08/2023,121. Covestro setzt auf Nachhaltigkeit im Marketing,still open
Covestro,03/08/2023,122. Covestro und Daimler kooperieren bei der Entwicklung von Leichtbauwerkstoffen fur die Automobilindustrie,still open
Covestro,03/08/2023,123. Covestro eroffnet neues Buro in Japan,still open
Covestro,03/08/2023,124. Covestro kauft fuhrendes Unternehmen im Bereich der Polycarbonat-Mischungen,still open
Covestro,03/08/2023,125. Covestro investiert in den Ausbau seines Biokunststoff-Recycling-Geschafts,still open
Covestro,03/08/2023,126. Covestro setzt auf Kreislaufwirtschaft im Einkauf,still open
Covestro,03/08/2023,127. Covestro und Airbus kooperieren bei der Entwicklung innovativer Materialien fur die Luftfahrtindustrie,still open
Covestro,03/08/2023,128. Covestro erweitert Angebot an thermoplastischen Polyurethanen fur die Schuhindustrie,still open
Covestro,03/08/2023,129. Covestro stellt neue Losungen fur die Photovoltaikbranche vor,still open
Covestro,03/08/2023,130. Covestro verbessert Prozesse zur Reduktion von Luftverschmutzung,still open
Covestro,03/08/2023,131. Covestro setzt auf Nachhaltigkeit in der Unternehmenskultur,still open
Covestro,03/08/2023,132. Covestro und Porsche kooperieren bei der Entwicklung von Leichtbauwerkstoffen fur die Automobilindustrie,still open
Covestro,03/08/2023,133. Covestro eroffnet neues Buro in Mexiko,still open
Covestro,03/08/2023,134. Covestro kauft fuhrendes Unternehmen im Bereich der Polyurethan-Dammstoffe,still open
Covestro,03/08/2023,135. Covestro investiert in den Ausbau seiner Produktionsanlagen in Lateinamerika,still open
Covestro,03/08/2023,136. Covestro setzt auf Digitalisierung in der Kundenkommunikation,still open
Covestro,03/08/2023,137. Covestro und Thales kooperieren bei der Entwicklung von Materialien fur die Verteidigungsindustrie,still open
Covestro,03/08/2023,138. Covestro erweitert Angebot an Polycarbonaten fur die Medizintechnik,still open
Covestro,03/08/2023,139. Covestro verbessert Prozesse zur Reduktion von Plastikabfallen im Ozean,still open
Covestro,03/08/2023,140. Covestro setzt auf Nachhaltigkeit in der Ausbildung,still open
Covestro,03/08/2023,141. Covestro und Opel kooperieren bei der Entwicklung von Leichtbauwerkstoffen fur die Automobilindustrie,still open
Covestro,03/08/2023,142. Covestro eroffnet neues Buro in Russland,still open
Covestro,03/08/2023,143. Covestro kauft fuhrendes Unternehmen im Bereich der Polyurethan-Hartschaumstoffe,still open
Covestro,03/08/2023,144. Covestro investiert in den Ausbau seines Geschafts mit Biokunststoffen,still open
Covestro,03/08/2023,145. Covestro setzt auf Kreislaufwirtschaft im Vertrieb,still open
Covestro,03/08/2023,146. Covestro und L'Oreal kooperieren bei der Entwicklung von umweltfreundlichen Verpackungen fur die Kosmetikbranche,still open
Covestro,03/08/2023,147. Covestro erweitert Angebot an Hochleistungskunststoffen fur die Luft- und Raumfahrtindustrie,still open
Covestro,03/08/2023,148. Covestro entwickelt neue Materialien fur den Einsatz in der Lebensmittelherstellung,still open
Covestro,03/08/2023,149. Covestro verbessert Prozesse zur Reduktion von CO2-Emissionen im Transportwesen,still open
Covestro,03/08/2023,150. Covestro setzt auf Nachhaltigkeit in der Marktforschung,still open
Covestro,03/08/2023,151. Covestro und BMW kooperieren bei der Entwicklung von Leichtbauwerkstoffen fur die Automobilindustrie,still open
Covestro,03/08/2023,152. Covestro eroffnet neues Buro in Sudkorea,still open
Covestro,03/08/2023,153. Covestro kauft fuhrendes Unternehmen im Bereich der Polyurethan-Klebstoffe fur die Bauindustrie,still open
Covestro,03/08/2023,154. Covestro investiert in den Ausbau seiner Produktionsanlagen in Afrika,still open
Covestro,03/08/2023,155. Covestro setzt auf Digitalisierung im CRM,still open
Covestro,03/08/2023,156. Covestro und Siemens Energy kooperieren bei der Entwicklung von Materialien fur die Energiewirtschaft,still open
Covestro,03/08/2023,157. Covestro erweitert Angebot an Polyurethanen fur die Textilindustrie,still open
Covestro,03/08/2023,158. Covestro verbessert Prozesse zur Reduktion von Wasserverbrauch in der Produktion,still open
Covestro,03/08/2023,159. Covestro setzt auf Nachhaltigkeit im Personalmarketing,still open
Covestro,03/08/2023,160. Covestro und Airbus Helicopters kooperieren bei der Entwicklung von Leichtbauwerkstoffen fur die Luftfahrtindustrie,still open
Covestro,03/08/2023,161. Covestro eroffnet neues Buro in der Turkei,still open
Covestro,03/08/2023,162. Covestro kauft fuhrendes Unternehmen im Bereich der Polyurethan-Schaume fur die Verpackungsindustrie,still open
Covestro,03/08/2023,163. Covestro investiert in den Ausbau seines Biokunststoff-Angebots fur die Lebensmittelbranche,still open
Covestro,03/08/2023,164. Covestro setzt auf Kreislaufwirtschaft im E-Commerce,still open
Covestro,03/08/2023,165. Covestro und Siemens Mobility kooperieren bei der Entwicklung von Materialien fur die Verkehrsindustrie,still open
Covestro,03/08/2023,166. Covestro erweitert Angebot an Polycarbonaten fur die Solarindustrie,still open
Covestro,03/08/2023,167. Covestro verbessert Prozesse zur Reduktion von Larmemissionen in der Produktion,still open
Covestro,03/08/2023,168. Covestro setzt auf Nachhaltigkeit im Employer Branding,still open
Covestro,03/08/2023,169. Covestro und General Motors kooperieren bei der Entwicklung von Leichtbauwerkstoffen fur die Automobilindustrie,still open
Covestro,03/08/2023,170. Covestro eroffnet neues Buro in Frankreich,still open
Covestro,03/08/2023,171. Covestro kauft fuhrendes Unternehmen im Bereich der Polyurethan-Hartschaume fur die Automobilindustrie,still open
Covestro,03/08/2023,172. Covestro investiert in den Ausbau seiner Produktionskapazitaten in Australien,still open
Covestro,03/08/2023,173. Covestro setzt auf Digitalisierung im Vertrieb,still open
Covestro,03/08/2023,174. Covestro und BASF kooperieren bei der Entwicklung von Materialien fur die Agrarindustrie,still open
Covestro,03/08/2023,175. Covestro erweitert Angebot an biologisch abbaubaren Kunststoffen fur die Verpackungsindustrie,still open
Covestro,03/08/2023,176. Covestro verbessert Prozesse zur Reduktion von Feinstaubbelastung in der Produktion,still open
Covestro,03/08/2023,177. Covestro setzt auf Nachhaltigkeit im Employer Branding,still open
Covestro,03/08/2023,178. Covestro und Airbus Defence and Space kooperieren bei der Entwicklung von Leichtbauwerkstoffen fur die Luftfahrt- und Verteidigungsindustrie,still open
Covestro,03/08/2023,179. Covestro eroffnet neues Buro in Skandinavien,still open
Covestro,03/08/2023,180. Covestro kauft fuhrendes Unternehmen im Bereich der Polyurethan-Klebstoffe fur die Automobilindustrie,still open
Covestro,03/08/2023,181. Covestro investiert in den Ausbau seines Geschafts mit Biokunststoff-Verpackungen,still open
Covestro,03/08/2023,182. Covestro setzt auf Kreislaufwirtschaft im Service,still open
Covestro,03/08/2023,183. Covestro und Siemens Healthineers kooperieren bei der Entwicklung von Materialien fur die Medizintechnik,still open
Covestro,03/08/2023,184. Covestro erweitert Angebot an thermoplastischen Polyurethanen fur die Sportindustrie,still open
Covestro,03/08/2023,185. Covestro verbessert Prozesse zur Reduktion von Abfall in der Produktion,still open
Covestro,03/08/2023,186. Covestro setzt auf Nachhaltigkeit in der Mitarbeiterzufriedenheit,still open
Covestro,03/08/2023,187. Covestro und Airbus Space Systems kooperieren bei der Entwicklung von Leichtbauwerkstoffen fur die Luft- und Raumfahrtindustrie,still open
Covestro,03/08/2023,188. Covestro eroffnet neues Buro in Osteuropa,still open
Covestro,03/08/2023,189. Covestro kauft fuhrendes Unternehmen im Bereich der Polyurethan-Giessharze fur die Bauindustrie,still open
Covestro,03/08/2023,190. Covestro investiert in den Ausbau seines Biokunststoff-Geschafts fur die Verpackungsindustrie,still open
Covestro,03/08/2023,191. Covestro setzt auf Digitalisierung im Einkauf,still open
Covestro,03/08/2023,192. Covestro und Siemens Gamesa kooperieren bei der Entwicklung von Materialien fur die Windenergieindustrie,still open
Covestro,03/08/2023,193. Covestro erweitert Angebot an Polyurethanen fur die Schienenfahrzeugindustrie,still open
Covestro,03/08/2023,194. Covestro verbessert Prozesse zur Reduktion von CO2-Emissionen im Flugverkehr,still open
Covestro,03/08/2023,195. Covestro setzt auf Nachhaltigkeit in der Mitarbeiterentwicklung,still open
Covestro,03/08/2023,196. Covestro und Rolls-Royce kooperieren bei der Entwicklung von Leichtbauwerkstoffen fur die Luftfahrtindustrie,still open
Covestro,03/08/2023,197. Covestro eroffnet neues Buro in Mittel- und Sudamerika,still open
Covestro,03/08/2023,198. Covestro kauft fuhrendes Unternehmen im Bereich der Polyurethan-Dammstoffe fur die Bauindustrie,still open
Covestro,03/08/2023,199. Covestro investiert in,still open
