Daimler Truck,03/08/2023,1. Daimler Truck vollzieht den Wechsel zu einem globalen Unternehmen,still open
Daimler Truck,03/08/2023,2. Daimler Truck besetzt Schlusselpositionen neu,still open
Daimler Truck,03/08/2023,3. Daimler Truck startet die Produktion von batterieelektrischen Lkw,still open
Daimler Truck,03/08/2023,4. Daimler Truck kundigt eine Partnerschaft mit Waymo an,still open
Daimler Truck,03/08/2023,5. Daimler Truck fuhrt automatische Notbremsung ein,still open
Daimler Truck,03/08/2023,6. Daimler Truck wird den elektro-basierten Lkw FUSO eCanter in Europa einfuhren,still open
Daimler Truck,03/08/2023,7. Daimler Truck lanciert neue Flottenmanagement-Losung,still open
Daimler Truck,03/08/2023,8. Daimler Truck prasentiert erweitertes Sicherheitsprogramm,still open
Daimler Truck,03/08/2023,9. Daimler Truck kundigt die Weiterentwicklung des automatisierten Fahrens an,still open
Daimler Truck,03/08/2023,10. Daimler Truck erfolgt Neuausrichtung in Transport-Losungen,still open
Daimler Truck,03/08/2023,11. Daimler Truck stellt Brennstoffzellen-Technologie fur LKW vor,still open
Daimler Truck,03/08/2023,12. Daimler Truck stellt avancierten Klein-LKW FUSO Canter E-Cell vor,still open
Daimler Truck,03/08/2023,13. Daimler Truck weitet Zusammenarbeit mit chinesischen Partnern aus,still open
Daimler Truck,03/08/2023,14. Daimler Truck arbeitet mit Lkw-Kollegen uber neue Telematik-Funktionen zusammen,still open
Daimler Truck,03/08/2023,15. Daimler Truck startet Fertigung des Actros in China,still open
Daimler Truck,03/08/2023,16. Daimler Truck beteiligt sich am Aufbau eines Brennstoffzellen-Joint Ventures,still open
Daimler Truck,03/08/2023,17. Daimler Truck startet die Fertigung von E-Actros,still open
Daimler Truck,03/08/2023,18. Daimler Truck entwirft neuen Lkw mit erweiterten Sicherheitsfunktionen,still open
Daimler Truck,03/08/2023,19. Daimler Truck erzielt bestes Ergebnis seit Jahren,still open
Daimler Truck,03/08/2023,20. Daimler Truck kundigt den ersten vollelektrischen Lkw eActros an,still open
Daimler Truck,03/08/2023,21. Daimler Truck bringt neue Elektro-Lkw Version auf den Markt,still open
Daimler Truck,03/08/2023,22. Daimler Truck prasentiert neuen Betonmischer mit Elektroantrieb,still open
Daimler Truck,03/08/2023,23. Daimler Truck stellt erweitertes Mobilitatsangebot fur Logistikdienstleister vor,still open
Daimler Truck,03/08/2023,24. Daimler Truck kundigt neues Hybridantrieb-System an,still open
Daimler Truck,03/08/2023,25. Daimler Truck stellt den neuen Lkw Actros mit advanced emergency braking system vor,still open
Daimler Truck,03/08/2023,26. Daimler Truck baut seine Position als weltweiter Branchenfuhrer aus,still open
Daimler Truck,03/08/2023,27. Daimler Truck geht eine Zusammenarbeit mit der US-Regierung ein,still open
Daimler Truck,03/08/2023,28. Luxury Auto Booming in China Pushes Carmakers to See Beyond Beijing and Shanghai,still open
Daimler Truck,03/08/2023,29. Daimler Truck feiert erfolgreichen Start des neuen Aktionsplans 2020,still open
Daimler Truck,03/08/2023,30. Daimler Truck investiert 2 Mrd. US-Dollar in fahrerlosen Lkw,still open
Daimler Truck,03/08/2023,31. Daimler Truck erreicht in Q1 neuen Rekordumsatz,still open
Daimler Truck,03/08/2023,32. Daimler Truck gibt Details zum neuen elektrischen LKW E-Citaro bekannt,still open
Daimler Truck,03/08/2023,33. Daimler Truck kundigt kabelloses Laden fur vollelektrische Lkw an,still open
Daimler Truck,03/08/2023,34. Daimler Truck stellt neue vollelektrische Kleinlaster vor,still open
Daimler Truck,03/08/2023,35. Daimler Truck startet weltweit erste autonome Testfahrt mit einem Lkw,still open
Daimler Truck,03/08/2023,36. Daimler Truck denkt uber mehr Kooperationen mit chinesischen Partnerunternehmen nach,still open
Daimler Truck,03/08/2023,37. Daimler Truck erweitert virtuelle Testreihen zur Entwicklung von Lkw-Fahrerassistenzsystemen,still open
Daimler Truck,03/08/2023,38. Daimler Truck investiert weiter in die Weiterentwicklung von Batterietechnologie,still open
Daimler Truck,03/08/2023,39. Daimler Truck geht mit E-Mobilitatsinitiative in Frankreich an den Start,still open
Daimler Truck,03/08/2023,40. Daimler Truck investiert in Brennstoffzellen-Lkw,still open
Daimler Truck,03/08/2023,41. Kunftige Elektrotrucks unter Beschuss: Daimler Truck kundigt Kooperation an,still open
Daimler Truck,03/08/2023,42. Daimler Truck investiert in Brennstoffzellen-Lkw,still open
Daimler Truck,03/08/2023,43. Daimler Truck startet Lieferungen von batteriebetriebenen Fuso Canter,still open
Daimler Truck,03/08/2023,44. Daimler Truck beginnt mit erster Flotte vollelektrischer Lkw,still open
Daimler Truck,03/08/2023,45. Daimler Truck entwickelt vollelektrische Lkw fur den Verteilerverkehr,still open
Daimler Truck,03/08/2023,46. Daimler Truck erweitert Vertriebsnetz fur Elektrofahrzeuge,still open
Daimler Truck,03/08/2023,47. Daimler Truck stellt vollelektrische Verteiler-Lkw vor,still open
Daimler Truck,03/08/2023,48. Daimler Truck investiert in 3D-Drucker fur Ersatzteile,still open
Daimler Truck,03/08/2023,49. Daimler Truck stellt automatisierten Lkw-Transport vor,still open
Daimler Truck,03/08/2023,50. Daimler Truck schliesst sich einem Konsortium fur autonomes Fahren an,still open
Daimler Truck,03/08/2023,51. Daimler Truck startet die Fertigung von Actros-Lkw in Russland,still open
Daimler Truck,03/08/2023,52. Daimler Truck investiert in Brennstoffzellen-Entwicklungspartnerschaft,still open
Daimler Truck,03/08/2023,53. Daimler Truck entwickelt elektrischen Antrieb fur Stadtbusse,still open
Daimler Truck,03/08/2023,54. Daimler Truck prasentiert neuen vollelektrischen Mullwagen,still open
Daimler Truck,03/08/2023,55. Daimler Truck kundigt Verkauf von 20.000 elektrischen Lkws bis 2022 an,still open
Daimler Truck,03/08/2023,56. Daimler Truck entwickelt automatische Lkw-Flotte fur Lieferanten,still open
Daimler Truck,03/08/2023,57. Daimler Truck testet erstmals autonomen Lkw,still open
Daimler Truck,03/08/2023,58. Daimler Truck bringt den ersten vollelektrischen Stadtbus auf den Markt,still open
Daimler Truck,03/08/2023,59. Daimler Truck und Deutsche Post DHL Group planen grosse Kooperation fur die Lieferflotten,still open
Daimler Truck,03/08/2023,60. Daimler Truck startet Zusammenarbeit mit Bosch fur autonomes Fahren,still open
Daimler Truck,03/08/2023,61. Daimler Truck startet Tests fur selbstfahrende Lkw,still open
Daimler Truck,03/08/2023,62. Daimler Truck stellt automatische Lenkung fur Lkw vor,still open
Daimler Truck,03/08/2023,63. Daimler Truck erweitert Elektrofahrzeug-Flotte fur den Stadtverkehr,still open
Daimler Truck,03/08/2023,64. Daimler Truck steigt in das autonome Lkw-Geschaft in Australien ein,still open
Daimler Truck,03/08/2023,65. Daimler Truck startet erste autonome Lkw-Tests auf offentlichen Strassen in Deutschland,still open
Daimler Truck,03/08/2023,66. Daimler Truck gewinnt grosse Vertrage fur Elektro-Lkw,still open
Daimler Truck,03/08/2023,67. Daimler Truck schliesst sich der Initiative „Europe on the Move“ an,still open
Daimler Truck,03/08/2023,68. Daimler Truck setzt auf NGT-Technologie,still open
Daimler Truck,03/08/2023,69. Daimler Truck und HPE arbeiten an Lkw-Fahrerassistenzsystemen,still open
Daimler Truck,03/08/2023,70. Daimler Truck testet autonomes Fahren in Japan,still open
Daimler Truck,03/08/2023,71. Daimler Truck und SAP arbeiten an intelligenten Lkw-Transporten,still open
Daimler Truck,03/08/2023,72. Daimler Truck baut sein Aktionsplan 2020 weiter aus,still open
Daimler Truck,03/08/2023,73. Daimler Truck startet die Fertigung von Elektrobussen in China,still open
Daimler Truck,03/08/2023,74. Daimler Truck testet E-Lkw in Europa und China,still open
Daimler Truck,03/08/2023,75. Daimler Truck setzt auf alternative Antriebe im stadtischen Verteilerverkehr,still open
Daimler Truck,03/08/2023,76. Daimler Truck investiert in autonomes Fahren und digitale Mobilitat,still open
Daimler Truck,03/08/2023,77. Daimler Truck startet Tests fur autonomes Fahren von Lkw in Europa,still open
Daimler Truck,03/08/2023,78. Daimler Truck setzt auf Brennstoffzellen-Lkw,still open
Daimler Truck,03/08/2023,79. Daimler Truck kundigt Partnerschaft mit britischem Unternehmen fur autonomes Fahren an,still open
Daimler Truck,03/08/2023,80. Daimler Truck plant den Einsatz von 175 Elektro-Lkw in den USA,still open
Daimler Truck,03/08/2023,81. Daimler Truck und Torc Robotics demonstrieren autonome Lkw-Fahrten,still open
Daimler Truck,03/08/2023,82. Daimler Truck investiert in Lkw mit kunstlicher Intelligenz,still open
Daimler Truck,03/08/2023,83. Daimler Truck setzt auf optimierte Technologie fur Elektro-Lkw,still open
Daimler Truck,03/08/2023,84. Daimler Truck und Geotab arbeiten an Flottenmanagement-Technologie,still open
Daimler Truck,03/08/2023,85. Daimler Truck plant neue Elektro-Flotte fur Nordamerika,still open
Daimler Truck,03/08/2023,86. Daimler Truck expandiert im elektromobilen Nutzfahrzeugsegment,still open
Daimler Truck,03/08/2023,87. Daimler Truck prasentiert autonomen Lkw-Platoon,still open
Daimler Truck,03/08/2023,88. Daimler Truck startet Tests fur autonomes Fahrzeug-Navigationscenter,still open
Daimler Truck,03/08/2023,89. Daimler Truck plant Einsatz von 5G-Technologie im Lkw-Bereich,still open
Daimler Truck,03/08/2023,90. Daimler Truck steigt ins autonome Landtransportgeschaft ein,still open
Daimler Truck,03/08/2023,91. Daimler Truck startet Tests mit Brennstoffzellen-Lkw,still open
Daimler Truck,03/08/2023,92. Daimler Truck investiert in Lkw mit Elektromotoren und kunstlicher Intelligenz,still open
Daimler Truck,03/08/2023,93. Daimler Truck kundigt Zusammenarbeit mit Hochschule Aalen an,still open
Daimler Truck,03/08/2023,94. Daimler Truck prasentiert Weltneuheit auf der IAA Nutzfahrzeuge,still open
Daimler Truck,03/08/2023,95. Daimler Truck entwickelt Zukunftskonzept fur den urbanen Nahverkehr,still open
Daimler Truck,03/08/2023,96. Daimler Truck baut Elektro-Lkw-Produktion in Deutschland aus,still open
Daimler Truck,03/08/2023,97. Daimler Truck prasentiert autonomen Lkw-Platoon am Sachsenring,still open
Daimler Truck,03/08/2023,98. Daimler Truck setzt auf autonomes Fahren und digitale Vernetzung,still open
Daimler Truck,03/08/2023,99. Daimler Truck plant Flottenintegration von autonomen Lkw,still open
Daimler Truck,03/08/2023,100. Daimler Truck fuhrt automatisiertes Fahren im Strassenverkehr ein,still open
Daimler Truck,03/08/2023,101. Daimler Truck entwickelt Lkw mit autonomem Fahren auf Autobahnen,still open
Daimler Truck,03/08/2023,102. Daimler Truck setzt auf Elektromobilitat im urbanen Verteilerverkehr,still open
Daimler Truck,03/08/2023,103. Daimler Truck kundigt Flottenintegration von autonomen Lkw an,still open
Daimler Truck,03/08/2023,104. Daimler Truck investiert in Brennstoffzellen-Technologie fur Lkw,still open
Daimler Truck,03/08/2023,105. Daimler Truck arbeitet mit der US-Regierung an autonomen Lkw,still open
Daimler Truck,03/08/2023,106. Daimler Truck stellt neue Technologie zur Emissionsreduzierung bei Lkw vor,still open
Daimler Truck,03/08/2023,107. Daimler Truck investiert in Plattform fur intelligente Container,still open
Daimler Truck,03/08/2023,108. Daimler Truck testet neue Technologie fur autonomes Fahren in realer Umgebung,still open
Daimler Truck,03/08/2023,109. Daimler Truck entwickelt vollelektrischen Stadtbus,still open
Daimler Truck,03/08/2023,110. Daimler Truck setzt auf autonomes Fahren im stadtischen Verkehr,still open
Daimler Truck,03/08/2023,111. Daimler Truck erweitert Portfolio im Lkw-Bereich,still open
Daimler Truck,03/08/2023,112. Daimler Truck kundigt neue Technologie zur Emissionsreduzierung an,still open
Daimler Truck,03/08/2023,113. Daimler Truck testet automatisierte Lkw-Platoons in Europa,still open
Daimler Truck,03/08/2023,114. Daimler Truck stellt neue Lkw-Telematikanwendung vor,still open
Daimler Truck,03/08/2023,115. Daimler Truck erweitert Produktionskapazitaten fur Brennstoffzellen-Lkw,still open
Daimler Truck,03/08/2023,116. Daimler Truck prasentiert neuen automatisierten Actros Lkw,still open
Daimler Truck,03/08/2023,117. Daimler Truck beteiligt sich am Aufbau einer europaischen Brennstoffzellen-Kompetenz,still open
Daimler Truck,03/08/2023,118. Daimler Truck fuhrt automatisiertes Fahren im Stadtverkehr ein,still open
Daimler Truck,03/08/2023,119. Daimler Truck unterzeichnet Joint-Venture-Vertrag mit Dongfeng Motor Co Ltd.,still open
Daimler Truck,03/08/2023,120. Daimler Truck investiert in vollelektrischen Lkw,still open
Daimler Truck,03/08/2023,121. Daimler Truck baut globales Kompetenzzentrum fur Brennstoffzellen-Lkw,still open
Daimler Truck,03/08/2023,122. Daimler Truck entscheidet sich fur automatische Notbremsung im Lkw-Bereich,still open
Daimler Truck,03/08/2023,123. Daimler Truck kundigt grosse Initiative fur autonomes Fahren an,still open
Daimler Truck,03/08/2023,124. Daimler Truck startet weltweit erste autonome Testfahrten mit Lkw,still open
Daimler Truck,03/08/2023,125. Daimler Truck investiert in batteriebetriebene Stadtbusse,still open
Daimler Truck,03/08/2023,126. Daimler Truck plant massiven Ausbau der Elektromobilitat,still open
Daimler Truck,03/08/2023,127. Daimler Truck setzt auf autonome Lkw im Guterverkehr,still open
Daimler Truck,03/08/2023,128. Daimler Truck entwickelt Flottenmanagement-System fur Batteriebusse,still open
Daimler Truck,03/08/2023,129. Daimler Truck stellt neues Brennstoffzellen-Fahrzeug vor,still open
Daimler Truck,03/08/2023,130. Daimler Truck testet automatisierte Spur-Wechsel auf Autobahnen,still open
Daimler Truck,03/08/2023,131. Daimler Truck profitiert von besserer Auslastung der Fabriken,still open
Daimler Truck,03/08/2023,132. Daimler Truck plant sich durch Automatisierung im Wettbewerb abzugrenzen,still open
Daimler Truck,03/08/2023,133. Daimler Truck setzt auf Entwicklungen in der Brennstoffzellen-Technologie,still open
Daimler Truck,03/08/2023,134. Daimler Truck startet umfangreichen Testbetrieb von Lkw mit autonomer Technologie,still open
Daimler Truck,03/08/2023,135. Daimler Truck erwartet steigende Absatzzahlen durch Elektromobilitat,still open
Daimler Truck,03/08/2023,136. Daimler Truck entwickelt intelligentes Assistenzsystem fur Lkw-Fahrer,still open
Daimler Truck,03/08/2023,137. Daimler Truck baut Gedachtnisfunktion in Lkw-Telematik ein,still open
Daimler Truck,03/08/2023,138. Daimler Truck plant umweltfreundlicheren Transport mit neuen Technologien,still open
Daimler Truck,03/08/2023,139. Daimler Truck investiert in alternative Antriebe im Lkw-Bereich,still open
Daimler Truck,03/08/2023,140. Daimler Truck setzt auf Automatisierung in der Logistik,still open
Daimler Truck,03/08/2023,141. Daimler Truck fuhrt neue Brennstoffzellen-Lkw-Generation ein,still open
Daimler Truck,03/08/2023,142. Daimler Truck investiert in zum Teil autonome Lkw,still open
Daimler Truck,03/08/2023,143. Daimler Truck entwickelt Lkw mit integrierter mobiler Robotik,still open
Daimler Truck,03/08/2023,144. Daimler Truck erwartet steigenden Absatz durch Digitalisierung und E-Mobilitat,still open
Daimler Truck,03/08/2023,145. Daimler Truck stellt neuen Elektro-Lkw eCitaro G vor,still open
Daimler Truck,03/08/2023,146. Daimler Truck und Huawei arbeiten an intelligenten Lkw-Transporten,still open
Daimler Truck,03/08/2023,147. Daimler Truck verkauft 22.000 Einheiten von Actros Lkw in sieben Monaten,still open
Daimler Truck,03/08/2023,148. Daimler Truck prasentiert neuartiges Assistenzsystem fur Lkw-Fahrer,still open
Daimler Truck,03/08/2023,149. Daimler Truck startet neue Kooperation mit Bosch fur autonomes Fahren,still open
Daimler Truck,03/08/2023,150. Daimler Truck setzt auf neue Technologie zur Verbrauchsreduzierung bei Lkw,still open
Daimler Truck,03/08/2023,151. Daimler Truck investiert in autonome Technologie fur Stadtbusse,still open
Daimler Truck,03/08/2023,152. Daimler Truck kundigt vollelektrischen Lkw mit Brennstoffzellen-Technologie an,still open
Daimler Truck,03/08/2023,153. Daimler Truck setzt auf Brennstoffzellen-Lkw im schweren Guterverkehr,still open
Daimler Truck,03/08/2023,154. Daimler Truck fuhrt automatisierten Lkw-Transport im Logistikbereich ein,still open
Daimler Truck,03/08/2023,155. Daimler Truck setzt auf automatisiertes Fahren auf der Autobahn,still open
Daimler Truck,03/08/2023,156. Daimler Truck setzt auf kunstliche Intelligenz in der Logistik,still open
Daimler Truck,03/08/2023,157. Daimler Truck fuhrt neue Telematik-Funktionen fur Lkw ein,still open
Daimler Truck,03/08/2023,158. Daimler Truck setzt auf autonome Transportsysteme,still open
Daimler Truck,03/08/2023,159. Daimler Truck plant umfassende Lkw-Flotte mit Elektroantrieb,still open
Daimler Truck,03/08/2023,160. Daimler Truck investiert in optimierte Fahrerassistenz-Systeme fur Lkw,still open
Daimler Truck,03/08/2023,161. Daimler Truck geht mit Pilotprojekt zur „letzten Meile“ an den Start,still open
Daimler Truck,03/08/2023,162. Daimler Truck prasentiert vollelektrischen Lkw eActros in Serienreife,still open
Daimler Truck,03/08/2023,163. Daimler Truck kundigt vollelektrischen Fernverkehrs-Lkw an,still open
Daimler Truck,03/08/2023,164. Daimler Truck setzt auf autonom fahrende Lkw in der Landwirtschaft,still open
Daimler Truck,03/08/2023,165. Daimler Truck startet Pilotprojekt mit Brennstoffzellen-Lkw in Europa,still open
Daimler Truck,03/08/2023,166. Daimler Truck erweitert Logistik-Flotte mit autonomen und elektrischen Lkw,still open
Daimler Truck,03/08/2023,167. Daimler Truck setzt auf erneuerbare Energien fur Lkw,still open
Daimler Truck,03/08/2023,168. Daimler Truck kundigt Luxus-Elektro-Lkw unter der Marke Mercedes-Benz an,still open
Daimler Truck,03/08/2023,169. Daimler Truck kooperiert mit chinesischem Partner fur Lkw-Fahrerassistenzsysteme,still open
Daimler Truck,03/08/2023,170. Daimler Truck investiert in autonome Technologie fur den Lkw-Bereich,still open
Daimler Truck,03/08/2023,171. Daimler Truck baut europaische Lkw-Kapazitaten aus,still open
Daimler Truck,03/08/2023,172. Daimler Truck verkauft erstmals vollautomatisierten Lkw an Kunden,still open
Daimler Truck,03/08/2023,173. Daimler Truck startet Pilotprojekt mit autonomen Lkw auf Autobahn,still open
Daimler Truck,03/08/2023,174. Daimler Truck erweitert sein Angebot an alternativen Antrieben fur Lkw,still open
Daimler Truck,03/08/2023,175. Daimler Truck setzt auf autonome Lkw fur den europaischen Transportmarkt,still open
Daimler Truck,03/08/2023,176. Daimler Truck arbeitet mit der US-Regierung an elektrischen Lkw-Konzepten,still open
Daimler Truck,03/08/2023,177. Daimler Truck plant Brennstoffzellen-Lkw fur den europaischen Markt,still open
Daimler Truck,03/08/2023,178. Daimler Truck setzt auf autonomes Fahren fur Lkw in China,still open
Daimler Truck,03/08/2023,179. Daimler Truck und MAN bundeln Krafte fur Batterie-Elektromobilitat,still open
Daimler Truck,03/08/2023,180. Daimler Truck setzt auf autonom fahrende Lkw fur den Strassentransport,still open
Daimler Truck,03/08/2023,181. Daimler Truck erweitert sein Angebot an Elektro-Lkw fur den stadtischen Verkehr,still open
Daimler Truck,03/08/2023,182. Daimler Truck prasentiert neuen vollelektrischen Lkw fur die Baustelle,still open
Daimler Truck,03/08/2023,183. Daimler Truck startet Pilotprojekt fur autonomes Fahren im Innerstadtischen Bereich,still open
Daimler Truck,03/08/2023,184. Daimler Truck setzt auf autonom fahrende Plattform fur Logistik-Losungen,still open
Daimler Truck,03/08/2023,185. Daimler Truck plant kabelloses Laden fur vollelektrische Lkw in Europa,still open
Daimler Truck,03/08/2023,186. Daimler Truck und NVIDIA planen Zusammenarbeit bei autonomen Lkw,still open
Daimler Truck,03/08/2023,187. Daimler Truck setzt auf intelligente Flotten-Kommunikation fur Lkw,still open
Daimler Truck,03/08/2023,188. Daimler Truck erweitert Brennstoffzellen-Technologie in Lkw-Produktion,still open
Daimler Truck,03/08/2023,189. Daimler Truck plant verschiedene Brennstoffzellen-Lkw-Modelle fur 2021,still open
Daimler Truck,03/08/2023,190. Daimler Truck erweitert Vertriebsnetzwerk fur E-Lkw,still open
Daimler Truck,03/08/2023,191. Daimler Truck setzt auf autonomes Fahren fur Lkw in Europa,still open
Daimler Truck,03/08/2023,192. Daimler Truck stellt vollelektrischen Mullwagen fur den stadtischen Bereich vor,still open
Daimler Truck,03/08/2023,193. Daimler Truck und Bosch planen Zusammenarbeit fur autonomes Fahren im Lkw-Sektor,still open
Daimler Truck,03/08/2023,194. Daimler Truck fuhrt neues Assistenzsystem fur Lkw ein,still open
Daimler Truck,03/08/2023,195. Daimler Truck investiert in,still open
