Deutsche Post,03/08/2023,1. Deutsche Post erwartet Rekordgewinne im Jahr 2021,still open
Deutsche Post,03/08/2023,2. Deutsche Post stellt 10.000 neue Mitarbeiter ein,still open
Deutsche Post,03/08/2023,3. Deutsche Post fuhrt neuen Elektro-Lieferwagen ein,still open
Deutsche Post,03/08/2023,4. Deutsche Post erhoht Porto fur Briefe und Pakete,still open
Deutsche Post,03/08/2023,5. Deutsche Post setzt auf autonomes Fahren,still open
Deutsche Post,03/08/2023,6. Deutsche Post investiert in weiteres Wachstum im Ausland,still open
Deutsche Post,03/08/2023,7. Deutsche Post baut neue DHL-Logistikzentren,still open
Deutsche Post,03/08/2023,8. Deutsche Post baut das Onlineshopping-Angebot aus,still open
Deutsche Post,03/08/2023,9. Deutsche Post verzeichnet Rekordumsatz in der Weihnachtszeit,still open
Deutsche Post,03/08/2023,10. Deutsche Post fuhrt neue umweltfreundliche Verpackungen ein,still open
Deutsche Post,03/08/2023,11. Deutsche Post investiert in Zustellroboter,still open
Deutsche Post,03/08/2023,12. Deutsche Post stellt Lieferung von E-Scootern und E-Bikes vor,still open
Deutsche Post,03/08/2023,13. Deutsche Post setzt verstarkt auf Fahrradzustellung,still open
Deutsche Post,03/08/2023,14. Deutsche Post schliesst Postfilialen in landlichen Gebieten,still open
Deutsche Post,03/08/2023,15. Deutsche Post modernisiert Zustellprozesse,still open
Deutsche Post,03/08/2023,16. Deutsche Post eroffnet neue Logistikzentren in China,still open
Deutsche Post,03/08/2023,17. Deutsche Post fuhrt neue digitale Services ein,still open
Deutsche Post,03/08/2023,18. Deutsche Post testet Drohnen zur Paketzustellung,still open
Deutsche Post,03/08/2023,19. Deutsche Post macht mit Klimaschutz zum wichtigen Thema,still open
Deutsche Post,03/08/2023,20. Deutsche Post gibt neue Kollaborationen mit Onlinehandlern bekannt,still open
Deutsche Post,03/08/2023,21. Deutsche Post versendet erstmals Pakete mit Elektro-LKW,still open
Deutsche Post,03/08/2023,22. Deutsche Post investiert in nachhaltiges Logistikmanagement,still open
Deutsche Post,03/08/2023,23. Deutsche Post baut Lieferdienst fur Lebensmittel aus,still open
Deutsche Post,03/08/2023,24. Deutsche Post und DHL kooperieren mit der amerikanischen Post,still open
Deutsche Post,03/08/2023,25. Deutsche Post setzt auf Blockchain-Technologie,still open
Deutsche Post,03/08/2023,26. Deutsche Post baut Kundenkontaktcenter aus,still open
Deutsche Post,03/08/2023,27. Deutsche Post und DHL setzen verstarkt auf Freight Forwarding,still open
Deutsche Post,03/08/2023,28. Deutsche Post und DHL investieren in das Gesundheitswesen,still open
Deutsche Post,03/08/2023,29. Deutsche Post macht die Umstellung auf papierlose Zustellung,still open
Deutsche Post,03/08/2023,30. Deutsche Post kooperiert mit dem Start-up Zalando,still open
Deutsche Post,03/08/2023,31. Deutsche Post etabliert sich als europaische Briefzentrale,still open
Deutsche Post,03/08/2023,32. Deutsche Post setzt auf erneuerbare Energien,still open
Deutsche Post,03/08/2023,33. Deutsche Post digitalisiert den Paketversand,still open
Deutsche Post,03/08/2023,34. Deutsche Post startet Kooperation mit Rewe,still open
Deutsche Post,03/08/2023,35. Deutsche Post ermoglicht Paketzustellung auch an Wochenenden,still open
Deutsche Post,03/08/2023,36. Deutsche Post setzt auf 5G,still open
Deutsche Post,03/08/2023,37. Deutsche Post fuhrt flexible Arbeitszeitmodelle ein,still open
Deutsche Post,03/08/2023,38. Deutsche Post kooperiert mit Start-up Dabbawalla,still open
Deutsche Post,03/08/2023,39. Deutsche Post und DHL grunden gemeinsames Verkehrsunternehmen,still open
Deutsche Post,03/08/2023,40. Deutsche Post setzt auf kooperative Start-ups,still open
Deutsche Post,03/08/2023,41. Deutsche Post investiert in KI,still open
Deutsche Post,03/08/2023,42. Deutsche Post schliesst Partnerschaft mit Zalando,still open
Deutsche Post,03/08/2023,43. Deutsche Post kauft weiteren Logistikdienstleister,still open
Deutsche Post,03/08/2023,44. Deutsche Post fuhrt neue Zustellmethoden ein,still open
Deutsche Post,03/08/2023,45. Deutsche Post kooperiert mit Start-up Fliit,still open
Deutsche Post,03/08/2023,46. Deutsche Post plant Ausbau des Geschafts mit Elektromobilitat,still open
Deutsche Post,03/08/2023,47. Deutsche Post setzt auf Automatisierung in der Zustellung,still open
Deutsche Post,03/08/2023,48. Deutsche Post fuhrt Zustellung per App ein,still open
Deutsche Post,03/08/2023,49. Deutsche Post und DHL bauen ihr Logistiknetzwerk aus,still open
Deutsche Post,03/08/2023,50. Deutsche Post kauft Online-Plattform fur Briefversand,still open
Deutsche Post,03/08/2023,51. Deutsche Post erhalt Auszeichnung fur nachhaltiges Handeln,still open
Deutsche Post,03/08/2023,52. Deutsche Post startet E-Mobilitats-Offensive,still open
Deutsche Post,03/08/2023,53. Deutsche Post setzt auf augmented reality,still open
Deutsche Post,03/08/2023,54. Deutsche Post erzielt Rekordumsatz im Weihnachtsgeschaft,still open
Deutsche Post,03/08/2023,55. Deutsche Post investiert in Paketstationen,still open
Deutsche Post,03/08/2023,56. Deutsche Post steigt in den Kampf gegen Plastikmull ein,still open
Deutsche Post,03/08/2023,57. Deutsche Post setzt auf CO2-neutrale Zustellung,still open
Deutsche Post,03/08/2023,58. Deutsche Post fuhrt neuen E-Pkw ein,still open
Deutsche Post,03/08/2023,59. Deutsche Post investiert in Stadtlogistik,still open
Deutsche Post,03/08/2023,60. Deutsche Post startet Partnerschaft mit Start-up Koneksie,still open
Deutsche Post,03/08/2023,61. Deutsche Post kooperiert mit Warenhauskette Karstadt,still open
Deutsche Post,03/08/2023,62. Deutsche Post kauft weiteren Paketdienstleister,still open
Deutsche Post,03/08/2023,63. Deutsche Post setzt auf neue Technologien in der Zustellung,still open
Deutsche Post,03/08/2023,64. Deutsche Post startet Kooperation mit Onlinehandler Otto,still open
Deutsche Post,03/08/2023,65. Deutsche Post fuhrt digitale Briefmarke ein,still open
Deutsche Post,03/08/2023,66. Deutsche Post und DHL erweitern ihr Portfolio im Bereich Logistik,still open
Deutsche Post,03/08/2023,67. Deutsche Post setzt auf autonome Lieferfahrzeuge,still open
Deutsche Post,03/08/2023,68. Deutsche Post setzt auf offline-Verkaufspunkte,still open
Deutsche Post,03/08/2023,69. Deutsche Post plant den Einsatz von Drohnen zur Zustellung,still open
Deutsche Post,03/08/2023,70. Deutsche Post startet Partnerschaft mit der Bahn,still open
Deutsche Post,03/08/2023,71. Deutsche Post eroffnet neue Logistikzentren in Europa,still open
Deutsche Post,03/08/2023,72. Deutsche Post kauft weiteren Logistik-Anbieter in Asien,still open
Deutsche Post,03/08/2023,73. Deutsche Post setzt verstarkt auf Corporate Social Responsibility,still open
Deutsche Post,03/08/2023,74. Deutsche Post fuhrt E-Cargo-Bikes ein,still open
Deutsche Post,03/08/2023,75. Deutsche Post setzt auf die Digitalisierung von Briefsendungen,still open
Deutsche Post,03/08/2023,76. Deutsche Post plant Ausbau des Marktes fur Express- und Kurierdienste,still open
Deutsche Post,03/08/2023,77. Deutsche Post setzt auf alternative Zustellorte,still open
Deutsche Post,03/08/2023,78. Deutsche Post kauft weiteren E-Commerce-Logistiker,still open
Deutsche Post,03/08/2023,79. Deutsche Post und DHL starten neuen Geschaftshub,still open
Deutsche Post,03/08/2023,80. Deutsche Post erweitert das Angebot an Paketshops,still open
Deutsche Post,03/08/2023,81. Deutsche Post erhalt Auszeichnung fur die besten Paketzustandsberichte,still open
Deutsche Post,03/08/2023,82. Deutsche Post setzt auf die Blockchain-Technologie im weltweiten Handel,still open
Deutsche Post,03/08/2023,83. Deutsche Post kooperiert mit dem chinesischen Marktplace JD.com,still open
Deutsche Post,03/08/2023,84. Deutsche Post startet neue Initiative zum Schutz von Bienen,still open
Deutsche Post,03/08/2023,85. Deutsche Post baut ihre Prasenz in Afrika aus,still open
Deutsche Post,03/08/2023,86. Deutsche Post investiert in Liefer-Roboter,still open
Deutsche Post,03/08/2023,87. Deutsche Post setzt verstarkt auf den Online-Lebensmittelhandel,still open
Deutsche Post,03/08/2023,88. Deutsche Post und DHL stellen neue Paketlieferungsmethoden vor,still open
Deutsche Post,03/08/2023,89. Deutsche Post erweitert ihr Angebot an Versicherungen,still open
Deutsche Post,03/08/2023,90. Deutsche Post startet Initiativen zur Reduzierung von CO2-Emissionen,still open
Deutsche Post,03/08/2023,91. Deutsche Post kauft weiteren Logistikdienstleister,still open
Deutsche Post,03/08/2023,92. Deutsche Post setzt auf Robotik in der Zustellung,still open
Deutsche Post,03/08/2023,93. Deutsche Post und DHL kooperieren mit Online-Versandhandler Amazon,still open
Deutsche Post,03/08/2023,94. Deutsche Post plant neue Mitarbeiteroffensive in Deutschland,still open
Deutsche Post,03/08/2023,95. Deutsche Post setzt auf neue Geschaftsfelder ausserhalb des Logistiksektors,still open
Deutsche Post,03/08/2023,96. Deutsche Post fuhrt neue Logistiksoftware ein,still open
Deutsche Post,03/08/2023,97. Deutsche Post startet Kooperation mit Onlinehandler Bonprix,still open
Deutsche Post,03/08/2023,98. Deutsche Post erweitert ihr Angebot an Zahlungsdienstleistungen,still open
Deutsche Post,03/08/2023,99. Deutsche Post und DHL stellen neues Transportflugzeug vor,still open
Deutsche Post,03/08/2023,100. Deutsche Post setzt auf autonomes Fahren in der Zustellung,still open
Deutsche Post,03/08/2023,101. Deutsche Post testet alternative Zustellmoglichkeiten,still open
Deutsche Post,03/08/2023,102. Deutsche Post startet Kooperation mit Start-up Elektrobit,still open
Deutsche Post,03/08/2023,103. Deutsche Post plant Ausbau des internationalen Logistiknetzwerks,still open
Deutsche Post,03/08/2023,104. Deutsche Post und DHL setzen auf Digitalisierung in der Zustellung,still open
Deutsche Post,03/08/2023,105. Deutsche Post setzt auf alternative Antriebstechnologien,still open
Deutsche Post,03/08/2023,106. Deutsche Post fuhrt neues Logistiksystem fur Krankenhauser ein,still open
Deutsche Post,03/08/2023,107. Deutsche Post kauft weiteren Logistikanbieter in Europa,still open
Deutsche Post,03/08/2023,108. Deutsche Post und DHL eroffnen neues Zentrum fur globale E-Commerce-Losungen,still open
Deutsche Post,03/08/2023,109. Deutsche Post setzt auf mehr Personalisierung im Paketversand,still open
Deutsche Post,03/08/2023,110. Deutsche Post startet Kooperation mit Technologieunternehmen ZF,still open
Deutsche Post,03/08/2023,111. Deutsche Post eroffnet neue DHL-Standorte in Afrika,still open
Deutsche Post,03/08/2023,112. Deutsche Post kooperiert mit Online-Modehandler Zalando,still open
Deutsche Post,03/08/2023,113. Deutsche Post kauft weiteren Logistikanbieter in den USA,still open
Deutsche Post,03/08/2023,114. Deutsche Post setzt auf neue Zustellmethoden fur die letzte Meile,still open
Deutsche Post,03/08/2023,115. Deutsche Post kooperiert mit der chinesischen Post,still open
Deutsche Post,03/08/2023,116. Deutsche Post setzt auf alternative Kraftstoffe in der Zustellung,still open
Deutsche Post,03/08/2023,117. Deutsche Post startet Zusammenarbeit mit Online-Riesen Alibaba,still open
Deutsche Post,03/08/2023,118. Deutsche Post kauft weiteren internationalen Logistikanbieter,still open
Deutsche Post,03/08/2023,119. Deutsche Post und DHL investieren in die Bildung von Kindern weltweit,still open
Deutsche Post,03/08/2023,120. Deutsche Post setzt auf neue Technologien in der Logistik,still open
Deutsche Post,03/08/2023,121. Deutsche Post eroffnet neue Paketumschlagzentren in Europa,still open
Deutsche Post,03/08/2023,122. Deutsche Post fuhrt neues System fur nachhaltige Verpackungen ein,still open
Deutsche Post,03/08/2023,123. Deutsche Post erweitert ihr Angebot an mobilen Apps,still open
Deutsche Post,03/08/2023,124. Deutsche Post ist wegweisend im Bereich autonome Zustellung,still open
Deutsche Post,03/08/2023,125. Deutsche Post fuhrt neue Corporate-Identity-Strategie ein,still open
Deutsche Post,03/08/2023,126. Deutsche Post startet Initiative fur mehr Nachhaltigkeit in der Zustellung,still open
Deutsche Post,03/08/2023,127. Deutsche Post kauft weiteren Logistikanbieter in China,still open
Deutsche Post,03/08/2023,128. Deutsche Post setzt auf Blockchain-Technologie in der Zustellung von Briefen,still open
Deutsche Post,03/08/2023,129. Deutsche Post stellt ebenfalls auf E-Transporter um,still open
Deutsche Post,03/08/2023,130. Deutsche Post investiert in erweiterte Lieferketten-Management-Systeme,still open
Deutsche Post,03/08/2023,131. Deutsche Post findet sich in Social-Media-Plattformen ein,still open
Deutsche Post,03/08/2023,132. Deutsche Post stellt auf alternative Zustellzeiten um,still open
Deutsche Post,03/08/2023,133. Deutsche Post baut ihre Prasenz in der Schweiz aus,still open
Deutsche Post,03/08/2023,134. Deutsche Post erweitert ihre Logistik-Kapazitaten in Russland,still open
Deutsche Post,03/08/2023,135. Deutsche Post kooperiert mit Online-Handler Infarm,still open
Deutsche Post,03/08/2023,136. Deutsche Post erhoht die Liefergeschwindigkeit fur Online-Bestellungen,still open
Deutsche Post,03/08/2023,137. Deutsche Post kauft weiteren Logistikanbieter in Indien,still open
Deutsche Post,03/08/2023,138. Deutsche Post setzt auf autonome Zustellung in Ballungsraumen,still open
Deutsche Post,03/08/2023,139. Deutsche Post investiert in neue Innovationszentren,still open
Deutsche Post,03/08/2023,140. Deutsche Post startet Initiative fur mehr Nachhaltigkeit in der Logistik,still open
Deutsche Post,03/08/2023,141. Deutsche Post plant den Einsatz von Drohnen in der Zustellung von medizinischen Produkten,still open
Deutsche Post,03/08/2023,142. Deutsche Post eroffnet neue Zustellstationen fur Pakete,still open
Deutsche Post,03/08/2023,143. Deutsche Post und DHL setzen auf alternative Zustellorte,still open
Deutsche Post,03/08/2023,144. Deutsche Post erweitert ihr Angebot an Sicherheitstechnologie fur Zusteller,still open
Deutsche Post,03/08/2023,145. Deutsche Post kauft weiteren E-Commerce-Logistiker in Europa,still open
Deutsche Post,03/08/2023,146. Deutsche Post und DHL investieren in den Bereich E-Health,still open
Deutsche Post,03/08/2023,147. Deutsche Post setzt neue Standards fur Nachhaltigkeit in der Logistikbranche,still open
Deutsche Post,03/08/2023,148. Deutsche Post baut ihr Angebot an mobilen Bezahllosungen aus,still open
Deutsche Post,03/08/2023,149. Deutsche Post kooperiert mit europaischer E-Commerce-Plattform EUROPAGES,still open
Deutsche Post,03/08/2023,150. Deutsche Post setzt auf kunstliche Intelligenz in der Zustellung,still open
Deutsche Post,03/08/2023,151. Deutsche Post plant den Einsatz von Robotern in der Zustellung,still open
Deutsche Post,03/08/2023,152. Deutsche Post eroffnet neue Logistikzentren in Sudamerika,still open
Deutsche Post,03/08/2023,153. Deutsche Post erweitert ihr Angebot an Online-Marketing-Losungen fur Geschaftskunden,still open
Deutsche Post,03/08/2023,154. Deutsche Post investiert in den Aufbau einer internationalen Reifenlogistik,still open
Deutsche Post,03/08/2023,155. Deutsche Post kooperiert mit Online-Druckerei Vistaprint,still open
Deutsche Post,03/08/2023,156. Deutsche Post fuhrt neue App fur Zusteller ein,still open
Deutsche Post,03/08/2023,157. Deutsche Post setzt auf innovative Zustellmethoden fur Medikamente,still open
Deutsche Post,03/08/2023,158. Deutsche Post und DHL kooperieren mit Elektromobilitatsanbieter eCharge,still open
Deutsche Post,03/08/2023,159. Deutsche Post kauft weiteren Logistikanbieter in Sudafrika,still open
Deutsche Post,03/08/2023,160. Deutsche Post erhoht ihre Prasenz in Asien,still open
Deutsche Post,03/08/2023,161. Deutsche Post baut ihr Angebot an Online-Tools fur Kunden aus,still open
Deutsche Post,03/08/2023,162. Deutsche Post plant die Einfuhrung von E-Vans fur die Zustellung in der Nacht,still open
Deutsche Post,03/08/2023,163. Deutsche Post erweitert ihr Angebot an Zustellmethoden fur den Online-Lebensmittelhandel,still open
Deutsche Post,03/08/2023,164. Deutsche Post setzt auf autonome Zustellung von Elektrogeraten,still open
Deutsche Post,03/08/2023,165. Deutsche Post startet neue Initiative fur mehr Nachhaltigkeit in der Zustellung,still open
Deutsche Post,03/08/2023,166. Deutsche Post kauft weiteren Logistik-Start-up,still open
Deutsche Post,03/08/2023,167. Deutsche Post kooperiert mit Start-up Circ,still open
Deutsche Post,03/08/2023,168. Deutsche Post baut ihre Prasenz in Nordamerika aus,still open
Deutsche Post,03/08/2023,169. Deutsche Post erhoht ihre Investitionen in den Bereich E-Health,still open
Deutsche Post,03/08/2023,170. Deutsche Post setzt auf mehr Kooperationen mit Start-ups,still open
Deutsche Post,03/08/2023,171. Deutsche Post investiert in die Entwicklung von E-Autos fur die Zustellung,still open
Deutsche Post,03/08/2023,172. Deutsche Post plant den Einsatz von Drohnen fur Zustellungen auf hoher See,still open
Deutsche Post,03/08/2023,173. Deutsche Post und DHL setzen auf digitale Logistiklosungen,still open
Deutsche Post,03/08/2023,174. Deutsche Post erweitert ihr Angebot an nachhaltigen Verpackungslosungen,still open
Deutsche Post,03/08/2023,175. Deutsche Post eroffnet neue Logistik-Stutzpunkte in Europa,still open
Deutsche Post,03/08/2023,176. Deutsche Post erweitert ihre Kooperation mit chinesischen Onlinehandlern,still open
Deutsche Post,03/08/2023,177. Deutsche Post kooperiert mit Online-Mobelhandler Home24,still open
Deutsche Post,03/08/2023,178. Deutsche Post plant den Einsatz von Emojis auf Briefmarken,still open
Deutsche Post,03/08/2023,179. Deutsche Post investiert in den Aufbau eines internationalen Schmucklogistik-Netzwerks,still open
Deutsche Post,03/08/2023,180. Deutsche Post setzt auf autonome Zustellung von medizinischen Produkten im landlichen Raum,still open
Deutsche Post,03/08/2023,181. Deutsche Post kauft weiteren internationalen Logistikanbieter in Lateinamerika,still open
Deutsche Post,03/08/2023,182. Deutsche Post eroffnet neue Zustellbasen fur den Online-Versandhandel,still open
Deutsche Post,03/08/2023,183. Deutsche Post startet Initiative fur mehr Vertrauen in die Zustellung von Paketen,still open
Deutsche Post,03/08/2023,184. Deutsche Post erhoht Investitionen in den Bereich Kunstliche Intelligenz,still open
Deutsche Post,03/08/2023,185. Deutsche Post setzt auf nachhaltiges Handeln in der Lieferkette,still open
Deutsche Post,03/08/2023,186. Deutsche Post investiert in die Entwicklung neuer Zustellroboter,still open
Deutsche Post,03/08/2023,187. Deutsche Post setzt auf umweltfreundliche Alternativen zur Zustellung,still open
Deutsche Post,03/08/2023,188. Deutsche Post kooperiert mit Onlinehandler Outfittery,still open
Deutsche Post,03/08/2023,189. Deutsche Post plant den Einsatz von autonomen Zustell-Lufttaxis in Grossstadten,still open
Deutsche Post,03/08/2023,190. Deutsche Post eroffnet neues Schulungszentrum fur Zusteller,still open
Deutsche Post,03/08/2023,191. Deutsche Post erhoht ihr Engagement im Bereich E-Sports,still open
Deutsche Post,03/08/2023,192. Deutsche Post setzt auf alternative Energien in der Zustellung,still open
Deutsche Post,03/08/2023,193. Deutsche Post erweitert ihr Angebot an Expresslieferungen,still open
Deutsche Post,03/08/2023,194. Deutsche Post kooperiert mit Start-up Volocopter,still open
Deutsche Post,03/08/2023,195. Deutsche Post plant den Einsatz von Drohnen zur Zustellung auf dem Land,still open
Deutsche Post,03/08/2023,196. Deutsche Post investiert in den Aufbau eines europaischen Lager-Netzwerks,still open
Deutsche Post,03/08/2023,197. Deutsche Post setzt auf menschenahnliche Roboter in der Zustellung,still open
Deutsche Post,03/08/2023,198. Deutsche Post startet Initiative fur mehr Transparenz in der Lieferkette,still open
Deutsche Post,03/08/2023,199. Deutsche Post kauft weiteren internationalen Logistikanbieter in Australien,still open
Deutsche Post,03/08/2023,200. Deutsche Post eroffnet neue Logistik-Stutzpunkte in China.,still open
