Deutsche Bank,03/08/2023,1. Deutsche Bank kundigt massive Restrukturierung an,still open
Deutsche Bank,03/08/2023,2. Deutsche Bank schliesst 100 Filialen in Deutschland,still open
Deutsche Bank,03/08/2023,3. Deutsche Bank plant Abbau von 9.000 Stellen weltweit,still open
Deutsche Bank,03/08/2023,4. Deutsche Bank verzeichnet Rekordverlust im Jahr 2015,still open
Deutsche Bank,03/08/2023,5. Deutsche Bank-Chef weist Vorwurfe der Steuervermeidung zuruck,still open
Deutsche Bank,03/08/2023,6. Fuhrungswechsel bei der Deutschen Bank: Cryan lost Fitschen ab,still open
Deutsche Bank,03/08/2023,7. Deutsche Bank droht moglicherweise milliardenschwere Strafe in den USA,still open
Deutsche Bank,03/08/2023,8. Deutsche Bank-Chef John Cryan plant umfassenden Umbau des Unternehmens,still open
Deutsche Bank,03/08/2023,9. Deutsche Bank verbucht im dritten Quartal einen Verlust von 6,5 Milliarden Euro,still open
Deutsche Bank,03/08/2023,10. Deutsche Bank erhoht Vorsorge fur Rechtsstreitigkeiten auf 5,8 Milliarden Euro,still open
Deutsche Bank,03/08/2023,11. Deutsche Bank-Aktie sturzt ab: Anleger verlieren Vertrauen,still open
Deutsche Bank,03/08/2023,12. Deutsche Bank meldet weiteren Verlust im vierten Quartal 2015,still open
Deutsche Bank,03/08/2023,13. Deutsche Bank beschliesst Verkauf ihrer Tochtergesellschaft Postbank,still open
Deutsche Bank,03/08/2023,14. Deutsche Bank muss Strafe von 2,5 Milliarden Dollar in den USA zahlen,still open
Deutsche Bank,03/08/2023,15. Deutsche Bank plant Sale-and-Leaseback-Deals mit eigenen Immobilien,still open
Deutsche Bank,03/08/2023,16. Deutsche Bank pruft Verkauf von Teilen des Investmentbankings,still open
Deutsche Bank,03/08/2023,17. Deutsche Bank erwagt Fusion mit Commerzbank,still open
Deutsche Bank,03/08/2023,18. Deutsche Bank plant Verkauf von Anteilen an der Hua Xia Bank in China,still open
Deutsche Bank,03/08/2023,19. Deutsche Bank wird wegen umstrittenem Investment in Russland verklagt,still open
Deutsche Bank,03/08/2023,20. Deutsche Bank baut rund 3.000 Stellen im Investmentbanking ab,still open
Deutsche Bank,03/08/2023,21. Deutsche Bank schliesst Dividende fur 2015 aus,still open
Deutsche Bank,03/08/2023,22. Deutsche Bank suspendiert Eigenhandler wegen Zollbetrugs,still open
Deutsche Bank,03/08/2023,23. Deutsche Bank droht Klage wegen Geldwasche in Russland,still open
Deutsche Bank,03/08/2023,24. Deutsche Bank-Chef John Cryan ernennt neuen Chief Operating Officer,still open
Deutsche Bank,03/08/2023,25. Deutsche Bank pruft Verkauf von Anteilen an der chinesischen Bank of Qingdao,still open
Deutsche Bank,03/08/2023,26. Deutsche Bank schreibt Ruckstellungen fur Rechtsrisiken ab,still open
Deutsche Bank,03/08/2023,27. Deutsche Bank sieht Risiken durch unsichere Weltwirtschaftslage,still open
Deutsche Bank,03/08/2023,28. Deutsche Bank-Chef John Cryan warnt vor fallenden Borsen,still open
Deutsche Bank,03/08/2023,29. Deutsche Bank plant Abbau von 200 Leasing- und Factoring-Stellen,still open
Deutsche Bank,03/08/2023,30. Deutsche Bank kundigt massive Stellenstreichungen im Investmentbanking an,still open
Deutsche Bank,03/08/2023,31. Deutsche Bank schiebt Sparprogramm wegen niedriger Zinsen an,still open
Deutsche Bank,03/08/2023,32. Deutsche Bank-Chef sieht schwierige Zeiten auf die Bank zukommen,still open
Deutsche Bank,03/08/2023,33. Deutsche Bank will sich auf Kerngeschaft konzentrieren,still open
Deutsche Bank,03/08/2023,34. Deutsche Bank erwartet Verlust im dritten Quartal,still open
Deutsche Bank,03/08/2023,35. Deutsche Bank schliesst Vergleich mit US-Justizbehorde,still open
Deutsche Bank,03/08/2023,36. Deutsche Bank plant Übernahme der Scholz Holding,still open
Deutsche Bank,03/08/2023,37. Deutsche Bank will uber 2.000 Stellen in Asien streichen,still open
Deutsche Bank,03/08/2023,38. Deutsche Bank will sich von Vermogensverwaltung des China Joint Ventures trennen,still open
Deutsche Bank,03/08/2023,39. Deutsche Bank erweitert Standorte fur Compliance- und Risikomanagement,still open
Deutsche Bank,03/08/2023,40. Deutsche Bank streicht Dividende fur kommendes Jahr,still open
Deutsche Bank,03/08/2023,41. Deutsche Bank muss Schadensersatz fur Hypothekengeschafte zahlen,still open
Deutsche Bank,03/08/2023,42. Deutsche Bank pruft Fusion mit Barclays,still open
Deutsche Bank,03/08/2023,43. Deutsche Bank veraussert Forderungen ihres Windenergiegeschafts,still open
Deutsche Bank,03/08/2023,44. Deutsche Bank streicht weitere 1.000 Stellen,still open
Deutsche Bank,03/08/2023,45. Deutsche Bank kauft Brasilianisches Broker-Haus,still open
Deutsche Bank,03/08/2023,46. Deutsche Bank verliert Grosskunden im Wealth Management,still open
Deutsche Bank,03/08/2023,47. Deutsche Bank-Chef John Cryan erleidet Ruckschlag,still open
Deutsche Bank,03/08/2023,48. Deutsche Bank wegen Libor-Manipulationen angeklagt,still open
Deutsche Bank,03/08/2023,49. Deutsche Bank muss Milliardenstrafe in den USA zahlen,still open
Deutsche Bank,03/08/2023,50. Deutsche Bank schliesst Geschaftsstelle in den Niederlanden,still open
Deutsche Bank,03/08/2023,51. Deutsche Bank muss Steuernachzahlungen in Milliardenhohe leisten,still open
Deutsche Bank,03/08/2023,52. Deutsche Bank legt Ergebnis fur 2016 vor: Verlust von 1,4 Milliarden Euro,still open
Deutsche Bank,03/08/2023,53. Deutsche Bank soll an US-Notenbank vorbeigeschleust haben,still open
Deutsche Bank,03/08/2023,54. Deutsche Bank-Chef rechnet mit langsamem Anstieg der Zinsen in Europa,still open
Deutsche Bank,03/08/2023,55. Deutsche Bank-Chef: Brexit kein Grund fur Umzug von London,still open
Deutsche Bank,03/08/2023,56. Deutsche Bank erweitert Standort in Frankfurt,still open
Deutsche Bank,03/08/2023,57. Deutsche Bank kampft gegen Imageprobleme,still open
Deutsche Bank,03/08/2023,58. Deutsche Bank legt Berufung gegen Urteil im Hypothekenstreit ein,still open
Deutsche Bank,03/08/2023,59. Deutsche Bank verkleinert Vorstand,still open
Deutsche Bank,03/08/2023,60. Deutsche Bank bezeichnet seinen Aktionar Cerberus als Partner,still open
Deutsche Bank,03/08/2023,61. Deutsche Bank-Chef sagt geringere Boni fur Investmentbanker voraus,still open
Deutsche Bank,03/08/2023,62. Deutsche Bank will in komplett neue Technologie investieren,still open
Deutsche Bank,03/08/2023,63. Deutsche Bank veraussert Windenergiegeschafte,still open
Deutsche Bank,03/08/2023,64. Deutsche Bank-Chef will in Kundenservice investieren,still open
Deutsche Bank,03/08/2023,65. Deutsche Bank-Chef: Wert des Unternehmens durch Brexit mindert sich nicht,still open
Deutsche Bank,03/08/2023,66. Deutsche Bank geht gegen Zinsmanipulation ihrer Mitarbeiter vor,still open
Deutsche Bank,03/08/2023,67. Deutsche Bank soll mit Luxusshopping-Center in Frankreich kooperieren,still open
Deutsche Bank,03/08/2023,68. Deutsche Bank konnte sich von Tochtergesellschaften in Spanien trennen,still open
Deutsche Bank,03/08/2023,69. Deutsche Bank zieht sich aus Russland zuruck,still open
Deutsche Bank,03/08/2023,70. Deutsche Bank meldet Rekordverlust im zweiten Quartal 2019,still open
Deutsche Bank,03/08/2023,71. Deutsche Bank schliesst Deal mit Goldman Sachs,still open
Deutsche Bank,03/08/2023,72. Deutsche Bank beschliesst Ausstieg aus Brokergeschaft in Sudafrika,still open
Deutsche Bank,03/08/2023,73. Deutsche Bank will Fusion mit Commerzbank nicht kommentieren,still open
Deutsche Bank,03/08/2023,74. Deutsche Bank halt an Sparprogramm fest,still open
Deutsche Bank,03/08/2023,75. Deutsche Bank stellt Strafzahlungen in Zusammenhang mit Fusion mit Postbank zuruck,still open
Deutsche Bank,03/08/2023,76. Deutsche Bank nimmt Millionenstrafe in Kauf, um Strafverfolgung zu vermeiden,still open
Deutsche Bank,03/08/2023,77. Deutsche Bank meldet hohere Quartalsverluste und kundigt Entlassungen an,still open
Deutsche Bank,03/08/2023,78. Deutsche Bank entlasst Top-Banker wegen Fehlverhalten,still open
Deutsche Bank,03/08/2023,79. Deutsche Bank will alleiniger Eigentumer von chinesischer Tochterbank werden,still open
Deutsche Bank,03/08/2023,80. Deutsche Bank kauft Wall Street Brokerage,still open
Deutsche Bank,03/08/2023,81. Deutsche Bank verbucht im dritten Quartal Gewinnanstieg,still open
Deutsche Bank,03/08/2023,82. Deutsche Bank streicht 15.000 Stellen und schliesst Aktiengeschaft,still open
Deutsche Bank,03/08/2023,83. Deutsche Bank will zusatzlich 800 Millionen Euro einsparen,still open
Deutsche Bank,03/08/2023,84. Deutsche Bank kundigt radikalen Umbau an,still open
Deutsche Bank,03/08/2023,85. Deutsche Bank ruft aufgrund von Coronavirus-Pandemie nach mehr Staatshilfe,still open
Deutsche Bank,03/08/2023,86. Deutsche Bank-Chef Cryan bietet Rucktritt an,still open
Deutsche Bank,03/08/2023,87. Deutsche Bank organisiert Vorstandsteam neu,still open
Deutsche Bank,03/08/2023,88. Deutsche Bank-Chef fordert mehr Unterstutzung fur Brexit-Banker in Frankfurt ,still open
Deutsche Bank,03/08/2023,89. Deutsche Bank erzielt Gewinn im zweiten Quartal 2020 trotz Coronavirus-Krise,still open
Deutsche Bank,03/08/2023,90. Deutsche Bank streicht in Sudafrika 13% der Stellen,still open
Deutsche Bank,03/08/2023,91. Deutsche Bank-Chef: ,still open
Deutsche Bank,03/08/2023,Am schlimmsten konnte noch kommen,still open
Deutsche Bank,03/08/2023,92. Deutsche Bank zieht sich aus Subprime-Konsumentenkrediten zuruck,still open
Deutsche Bank,03/08/2023,93. Deutsche Bank verstarkt Fuhrungsetage mit zwei neuen Vorstandsmitgliedern,still open
Deutsche Bank,03/08/2023,94. Deutsche Bank muss wegen Geldwasche 13,5 Millionen Euro Strafe zahlen,still open
Deutsche Bank,03/08/2023,95. Deutsche Bank pruft Fusion mit UBS,still open
Deutsche Bank,03/08/2023,96. Deutsche Bank geht Mega-Fusion mit Commerzbank ein,still open
Deutsche Bank,03/08/2023,97. Deutsche Bank verzeichnet starke Gewinne in der Investment-Sparte,still open
Deutsche Bank,03/08/2023,98. Deutsche Bank will 10.000 Stellen einsparen,still open
Deutsche Bank,03/08/2023,99. Deutsche Bank erwartet hohere Gewinne durch Investitionen in Technologie,still open
Deutsche Bank,03/08/2023,100. Deutsche Bank legt Berufung gegen Urteil im Cum-Ex-Skandal ein,still open
Deutsche Bank,03/08/2023,101. Deutsche Bank schliesst Beteiligung an chinesischer Hua Xia Bank ab,still open
Deutsche Bank,03/08/2023,102. Deutsche Bank plant Expansion in Asien,still open
Deutsche Bank,03/08/2023,103. Deutsche Bank-Chef gibt Fehler in der Vergangenheit zu,still open
Deutsche Bank,03/08/2023,104. Deutsche Bank investiert in kunstliche Intelligenz,still open
Deutsche Bank,03/08/2023,105. Deutsche Bank plant Abbau von Filialen in Europa,still open
Deutsche Bank,03/08/2023,106. Deutsche Bank-Chef: Wirtschaftliche Erholung wird einige Jahre dauern,still open
Deutsche Bank,03/08/2023,107. Deutsche Bank will Tochter Postbank verkaufen,still open
Deutsche Bank,03/08/2023,108. Deutsche Bank will 18.000 Stellen abbauen,still open
Deutsche Bank,03/08/2023,109. Deutsche Bank erwagt Verkauf der Tochtergesellschaft DWS,still open
Deutsche Bank,03/08/2023,110. Deutsche Bank erwirtschaftet Gewinn im dritten Quartal 2020,still open
Deutsche Bank,03/08/2023,111. Deutsche Bank plant Übernahme von Commerzbank,still open
Deutsche Bank,03/08/2023,112. Deutsche Bank will Anteile an Hua Xia Bank verkaufen,still open
Deutsche Bank,03/08/2023,113. Deutsche Bank verzeichnet starken Gewinn im Privatkundengeschaft,still open
Deutsche Bank,03/08/2023,114. Deutsche Bank-Chef gibt Sparziel von 5 Milliarden Euro bekannt,still open
Deutsche Bank,03/08/2023,115. Deutsche Bank entlasst weitere Mitarbeiter,still open
Deutsche Bank,03/08/2023,116. Deutsche Bank erhoht Rucklagen fur Strafen wegen Cum-Ex-Skandal,still open
Deutsche Bank,03/08/2023,117. Deutsche Bank pruft Verkauf ihrer Tochtergesellschaft IKB,still open
Deutsche Bank,03/08/2023,118. Deutsche Bank will sich auf Kerngeschaft konzentrieren,still open
Deutsche Bank,03/08/2023,119. Deutsche Bank-Manager wegen Cum-Ex-Steuerbetrug vor Gericht,still open
Deutsche Bank,03/08/2023,120. Deutsche Bank verzeichnet hohere Umsatze im Investmentbanking,still open
Deutsche Bank,03/08/2023,121. Deutsche Bank legt Berufung gegen Cum-Ex-Urteil ein,still open
Deutsche Bank,03/08/2023,122. Deutsche Bank muss Strafe wegen Geschaften in der Turkei zahlen,still open
Deutsche Bank,03/08/2023,123. Deutsche Bank plant Umstrukturierung ihres Investmentbankings,still open
Deutsche Bank,03/08/2023,124. Deutsche Bank erhoht Ruckstellungen fur Rechtsstreitigkeiten auf 2,2 Milliarden Euro,still open
Deutsche Bank,03/08/2023,125. Deutsche Bank kundigt milliardenschwere Restrukturierung an,still open
Deutsche Bank,03/08/2023,126. Deutsche Bank will Kosten um 25 Prozent senken,still open
Deutsche Bank,03/08/2023,127. Deutsche Bank plant massiven Stellenabbau in den USA,still open
Deutsche Bank,03/08/2023,128. Deutsche Bank verdoppelt Gewinn im dritten Quartal 2021,still open
Deutsche Bank,03/08/2023,129. Deutsche Bank plant Verkauf ihrer Beteiligung an der Postbank,still open
Deutsche Bank,03/08/2023,130. Deutsche Bank-Chef sagt Brexit konnte Bankenkrise auslosen,still open
Deutsche Bank,03/08/2023,131. Deutsche Bank investiert in Digitalisierung,still open
Deutsche Bank,03/08/2023,132. Deutsche Bank-Chef raumt Fehler im Umgang mit Kunden ein,still open
Deutsche Bank,03/08/2023,133. Deutsche Bank pruft Verkauf von Teilen des Offshore-Geschafts,still open
Deutsche Bank,03/08/2023,134. Deutsche Bank zieht sich aus Abwicklung von Wertpapiergeschaften zuruck,still open
Deutsche Bank,03/08/2023,135. Deutsche Bank erwagt Verkauf der US-Tochtergesellschaften,still open
Deutsche Bank,03/08/2023,136. Deutsche Bank will Sparprogramm fortfuhren,still open
Deutsche Bank,03/08/2023,137. Deutsche Bank setzt auf Digitalisierung und baut Filialen ab,still open
Deutsche Bank,03/08/2023,138. Deutsche Bank erwartet Verluste wegen Corona-Krise,still open
Deutsche Bank,03/08/2023,139. Deutsche Bank-Chef gibt Fehler der Vergangenheit zu,still open
Deutsche Bank,03/08/2023,140. Deutsche Bank plant globalen Stellenabbau,still open
Deutsche Bank,03/08/2023,141. Deutsche Bank kauft chinesisches Kreditverbriefungsgeschaft,still open
Deutsche Bank,03/08/2023,142. Deutsche Bank baut Leasinggeschaft ab,still open
Deutsche Bank,03/08/2023,143. Deutsche Bank investiert in Startup-Kreditplattform,still open
Deutsche Bank,03/08/2023,144. Deutsche Bank-Chef warnt vor Auswirkungen des Handelskrieges,still open
Deutsche Bank,03/08/2023,145. Deutsche Bank legt Berufung gegen Urteil im Kirch-Prozess ein,still open
Deutsche Bank,03/08/2023,146. Deutsche Bank muss Strafe wegen manipulierter Euro-Geschafte zahlen,still open
Deutsche Bank,03/08/2023,147. Deutsche Bank pruft Verkauf der Anteile am Online-Broker Flatex,still open
Deutsche Bank,03/08/2023,148. Deutsche Bank entlasst Topmanager im Investmentbanking,still open
Deutsche Bank,03/08/2023,149. Deutsche Bank will Sparkurs fortsetzen,still open
Deutsche Bank,03/08/2023,150. Deutsche Bank-Chef fordert Staatshilfe fur europaische Banken,still open
Deutsche Bank,03/08/2023,151. Deutsche Bank gibt Geschaftnteilung in zwei Klagen bekannt,still open
Deutsche Bank,03/08/2023,152. Deutsche Bank kundigt Stellenabbau in kleineren Filialen an,still open
Deutsche Bank,03/08/2023,153. Deutsche Bank legt Berufung gegen Cum-Ex-Urteil ein,still open
Deutsche Bank,03/08/2023,154. Deutsche Bank will Anteile an chinesischer Hua Xia Bank verkaufen,still open
Deutsche Bank,03/08/2023,155. Deutsche Bank erwartet Einbussen durch Handelskrieg,still open
Deutsche Bank,03/08/2023,156. Deutsche Bank plant milliardenschwere Kapitalaufnahme,still open
Deutsche Bank,03/08/2023,157. Deutsche Bank-Chef ruft zu Zusammenarbeit der Banken auf,still open
Deutsche Bank,03/08/2023,158. Deutsche Bank will Vermogensverwaltungs-Sparte ausbauen,still open
Deutsche Bank,03/08/2023,159. Deutsche Bank kundigt Stellenabbau in Investmentbanking an,still open
Deutsche Bank,03/08/2023,160. Deutsche Bank gibt Verkauf von US-Standorten bekannt,still open
Deutsche Bank,03/08/2023,161. Deutsche Bank baut Investmentbanking ab,still open
Deutsche Bank,03/08/2023,162. Deutsche Bank setzt Fokus auf Vermogensverwaltung,still open
Deutsche Bank,03/08/2023,163. Deutsche Bank fordert fairen Wettbewerb fur europaische Banken,still open
Deutsche Bank,03/08/2023,164. Deutsche Bank legt Berufung gegen Cum-Ex-Urteil ein,still open
Deutsche Bank,03/08/2023,165. Deutsche Bank plant Stellenabbau in Frankreich,still open
Deutsche Bank,03/08/2023,166. Deutsche Bank-Chef fordert mehr Regulierung fur Finanzmarkte,still open
Deutsche Bank,03/08/2023,167. Deutsche Bank erhoht Ruckstellungen fur Rechtsrisiken,still open
Deutsche Bank,03/08/2023,168. Deutsche Bank plant Verkauf von Vermogensverwaltungs-Sparte,still open
Deutsche Bank,03/08/2023,169. Deutsche Bank will Tochter DWS an die Borse bringen,still open
Deutsche Bank,03/08/2023,170. Deutsche Bank plant Absatz von Anleihen,still open
Deutsche Bank,03/08/2023,171. Deutsche Bank meldet Milliardenverlust im Jahr 2019,still open
Deutsche Bank,03/08/2023,172. Deutsche Bank will Vermogensverwaltungs-Sparte ausbauen,still open
Deutsche Bank,03/08/2023,173. Deutsche Bank plant Ruckzug aus Chile,still open
Deutsche Bank,03/08/2023,174. Deutsche Bank baut Einlagengeschaft ab,still open
Deutsche Bank,03/08/2023,175. Deutsche Bank erwartet Verluste durch Corona-Krise,still open
Deutsche Bank,03/08/2023,176. Deutsche Bank kauft Anteile an chinesischer Tochter zuruck,still open
Deutsche Bank,03/08/2023,177. Deutsche Bank legt Berufung gegen Cum-Ex-Urteil ein,still open
Deutsche Bank,03/08/2023,178. Deutsche Bank will Milliarden in Grune Energie investieren ,still open
Deutsche Bank,03/08/2023,179. Deutsche Bank gibt Verkauf der Tochter DWS bekannt,still open
Deutsche Bank,03/08/2023,180. Deutsche Bank will in Zukunft verstarkt auf Digitalisierung setzen,still open
Deutsche Bank,03/08/2023,181. Deutsche Bank plant Ausstieg aus Brasilien,still open
Deutsche Bank,03/08/2023,182. Deutsche Bank-Chef raumt Fehler in der Vergangenheit ein,still open
Deutsche Bank,03/08/2023,183. Deutsche Bank muss wegen fehlerhaftem Beratungsgeschaft Schaden zahlen,still open
Deutsche Bank,03/08/2023,184. Deutsche Bank kauft Anteile an chinesischer Bank zuruck,still open
Deutsche Bank,03/08/2023,185. Deutsche Bank plant Verkauf von Vermogensverwaltungssparte,still open
Deutsche Bank,03/08/2023,186. Deutsche Bank meldet hoheren Gewinn im vierten Quartal 2020,still open
Deutsche Bank,03/08/2023,187. Deutsche Bank-Chef warnt vor Auswirkungen des Klimawandels auf Banken,still open
Deutsche Bank,03/08/2023,188. Deutsche Bank legt Berufung gegen Cum-Ex-Urteil ein,still open
Deutsche Bank,03/08/2023,189. Deutsche Bank plant Eroffnung von neuen Filialen in Deutschland,still open
Deutsche Bank,03/08/2023,190. Deutsche Bank baut Einlagengeschaft ab,still open
Deutsche Bank,03/08/2023,191. Deutsche Bank will milliardenschwere Kapitalaufnahme,still open
Deutsche Bank,03/08/2023,192. Deutsche Bank-Chef fordert starkere Regulierung fur Finanzmarkte,still open
Deutsche Bank,03/08/2023,193. Deutsche Bank meldet hohere Gewinne im vierten Quartal 2019,still open
Deutsche Bank,03/08/2023,194. Deutsche Bank plant Verkauf der Postbank,still open
Deutsche Bank,03/08/2023,195. Deutsche Bank will Tochter DWS an die Borse bringen,still open
Deutsche Bank,03/08/2023,196. Deutsche Bank legt Berufung gegen Cum-Ex-Urteil ein,still open
Deutsche Bank,03/08/2023,197. Deutsche Bank baut Filialnetz in Deutschland ab,still open
Deutsche Bank,03/08/2023,198. Deutsche Bank verbucht hoheren Gewinn im Privatkundengeschaft,still open
Deutsche Bank,03/08/2023,199. Deutsche Bank plant milliardenschwere Investitionen in Digitalisierung,still open
Deutsche Bank,03/08/2023,200. Deutsche Bank legt Berufung gegen Urteil im Anlagebetrugsprozess ein,still open
