Deutsche Telekom,03/08/2023,1. Deutsche Telekom announces plans for 5G network rollout,still open
Deutsche Telekom,03/08/2023,2. Deutsche Telekom reports strong financial results for Q3 2021,still open
Deutsche Telekom,03/08/2023,3. Deutsche Telekom named one of the best employers in Germany,still open
Deutsche Telekom,03/08/2023,4. Deutsche Telekom launches new IoT platform,still open
Deutsche Telekom,03/08/2023,5. Deutsche Telekom partners with Microsoft for cloud services,still open
Deutsche Telekom,03/08/2023,6. Deutsche Telekom introduces new unlimited data plans,still open
Deutsche Telekom,03/08/2023,7. Deutsche Telekom to invest billions in fiber network expansion,still open
Deutsche Telekom,03/08/2023,8. Deutsche Telekom acquires cloud software company,still open
Deutsche Telekom,03/08/2023,9. Deutsche Telekom announces new CEO,still open
Deutsche Telekom,03/08/2023,10. Deutsche Telekom to cut carbon emissions by 90% by 2030,still open
Deutsche Telekom,03/08/2023,11. Deutsche Telekom teams up with Volkswagen for autonomous driving,still open
Deutsche Telekom,03/08/2023,12. Deutsche Telekom launches new streaming service,still open
Deutsche Telekom,03/08/2023,13. Deutsche Telekom and Ericsson team up for 5G research,still open
Deutsche Telekom,03/08/2023,14. Deutsche Telekom expands its 5G network in Germany,still open
Deutsche Telekom,03/08/2023,15. Deutsche Telekom CEO calls for increased investment in broadband infrastructure,still open
Deutsche Telekom,03/08/2023,16. Deutsche Telekom to invest $100 million in cybersecurity startups,still open
Deutsche Telekom,03/08/2023,17. Deutsche Telekom acquires telecommunication services provider,still open
Deutsche Telekom,03/08/2023,18. Deutsche Telekom to launch new smart home products,still open
Deutsche Telekom,03/08/2023,19. Deutsche Telekom partners with China Mobile for 5G,still open
Deutsche Telekom,03/08/2023,20. Deutsche Telekom cutting jobs in restructuring plan,still open
Deutsche Telekom,03/08/2023,21. Deutsche Telekom launches new mobile wallet,still open
Deutsche Telekom,03/08/2023,22. Deutsche Telekom partners with Huawei for wireless network,still open
Deutsche Telekom,03/08/2023,23. Deutsche Telekom joins forces with BMW for autonomous driving,still open
Deutsche Telekom,03/08/2023,24. Deutsche Telekom introduces new video conferencing service,still open
Deutsche Telekom,03/08/2023,25. Deutsche Telekom invests in Augmented Reality startup,still open
Deutsche Telekom,03/08/2023,26. Deutsche Telekom to partner with Alpine for smart car technology,still open
Deutsche Telekom,03/08/2023,27. Deutsche Telekom plans to spin off T-Systems unit,still open
Deutsche Telekom,03/08/2023,28. Deutsche Telekom launches new digital learning platform,still open
Deutsche Telekom,03/08/2023,29. Deutsche Telekom expands its cloud services portfolio,still open
Deutsche Telekom,03/08/2023,30. Deutsche Telekom teams up with Nokia for 5G research,still open
Deutsche Telekom,03/08/2023,31. Deutsche Telekom invests in virtual reality startup,still open
Deutsche Telekom,03/08/2023,32. Deutsche Telekom introduces new e-scooter sharing service,still open
Deutsche Telekom,03/08/2023,33. Deutsche Telekom partners with Vodafone for network-sharing deal,still open
Deutsche Telekom,03/08/2023,34. Deutsche Telekom is working on quantum-safe encryption,still open
Deutsche Telekom,03/08/2023,35. Deutsche Telekom to launch 5G satellites in 2022,still open
Deutsche Telekom,03/08/2023,36. Deutsche Telekom to acquire Sprint in $26.5 billion deal,still open
Deutsche Telekom,03/08/2023,37. Deutsche Telekom becomes largest shareholder in T-Mobile US,still open
Deutsche Telekom,03/08/2023,38. Deutsche Telekom launches new mobile banking service,still open
Deutsche Telekom,03/08/2023,39. Deutsche Telekom and Samsung team up for 5G research,still open
Deutsche Telekom,03/08/2023,40. Deutsche Telekom to expand its fiber network to rural areas,still open
Deutsche Telekom,03/08/2023,41. Deutsche Telekom invests in blockchain technology,still open
Deutsche Telekom,03/08/2023,42. Deutsche Telekom announces new cybersecurity measures,still open
Deutsche Telekom,03/08/2023,43. Deutsche Telekom teams up with Airbus for drone technology,still open
Deutsche Telekom,03/08/2023,44. Deutsche Telekom introduces new cloud-based voice service,still open
Deutsche Telekom,03/08/2023,45. Deutsche Telekom and Intel team up for 5G research,still open
Deutsche Telekom,03/08/2023,46. Deutsche Telekom to acquire cloud software company,still open
Deutsche Telekom,03/08/2023,47. Deutsche Telekom to launch new blockchain-based services,still open
Deutsche Telekom,03/08/2023,48. Deutsche Telekom to acquire IT services provider,still open
Deutsche Telekom,03/08/2023,49. Deutsche Telekom invests in self-driving car startup,still open
Deutsche Telekom,03/08/2023,50. Deutsche Telekom launches new smart city products,still open
Deutsche Telekom,03/08/2023,51. Deutsche Telekom to launch new cloud gaming service,still open
Deutsche Telekom,03/08/2023,52. Deutsche Telekom partners with BMW and Volkswagen for self-driving cars,still open
Deutsche Telekom,03/08/2023,53. Deutsche Telekom introduces new augmented reality app,still open
Deutsche Telekom,03/08/2023,54. Deutsche Telekom to invest in robotics,still open
Deutsche Telekom,03/08/2023,55. Deutsche Telekom announces new data center in Frankfurt,still open
Deutsche Telekom,03/08/2023,56. Deutsche Telekom and Nokia plan to use drones for 5G rollout,still open
Deutsche Telekom,03/08/2023,57. Deutsche Telekom to launch new virtual reality platform,still open
Deutsche Telekom,03/08/2023,58. Deutsche Telekom launches new 5G-enabled factory in Germany,still open
Deutsche Telekom,03/08/2023,59. Deutsche Telekom and Vodafone team up for 5G infrastructure,still open
Deutsche Telekom,03/08/2023,60. Deutsche Telekom introduces new Wi-Fi calling service,still open
Deutsche Telekom,03/08/2023,61. Deutsche Telekom invests in cybersecurity startup,still open
Deutsche Telekom,03/08/2023,62. Deutsche Telekom expands its fiber network to 2 million homes,still open
Deutsche Telekom,03/08/2023,63. Deutsche Telekom to launch new chatbot service,still open
Deutsche Telekom,03/08/2023,64. Deutsche Telekom to partner with Amazon for cloud services,still open
Deutsche Telekom,03/08/2023,65. Deutsche Telekom introduces new cloud-based office suite,still open
Deutsche Telekom,03/08/2023,66. Deutsche Telekom and Huawei team up for 5G research,still open
Deutsche Telekom,03/08/2023,67. Deutsche Telekom to acquire digital media company,still open
Deutsche Telekom,03/08/2023,68. Deutsche Telekom launches new virtual reality headset,still open
Deutsche Telekom,03/08/2023,69. Deutsche Telekom announces new 5G research center,still open
Deutsche Telekom,03/08/2023,70. Deutsche Telekom partners with Bosch for autonomous driving technology,still open
Deutsche Telekom,03/08/2023,71. Deutsche Telekom to launch new smart home security products,still open
Deutsche Telekom,03/08/2023,72. Deutsche Telekom expands its cloud storage services,still open
Deutsche Telekom,03/08/2023,73. Deutsche Telekom introduces new cloud-enabled IoT platform,still open
Deutsche Telekom,03/08/2023,74. Deutsche Telekom invests in blockchain startup,still open
Deutsche Telekom,03/08/2023,75. Deutsche Telekom to launch new e-learning platform,still open
Deutsche Telekom,03/08/2023,76. Deutsche Telekom and Huawei plan to use AI for 5G rollout,still open
Deutsche Telekom,03/08/2023,77. Deutsche Telekom introduces new smart transportation solutions,still open
Deutsche Telekom,03/08/2023,78. Deutsche Telekom to launch new mobile payments app,still open
Deutsche Telekom,03/08/2023,79. Deutsche Telekom teams up with BMW and Mercedes for connected car technology,still open
Deutsche Telekom,03/08/2023,80. Deutsche Telekom and Qualcomm team up for 5G research,still open
Deutsche Telekom,03/08/2023,81. Deutsche Telekom invests in virtual assistant startup,still open
Deutsche Telekom,03/08/2023,82. Deutsche Telekom expands its 5G network to other countries,still open
Deutsche Telekom,03/08/2023,83. Deutsche Telekom launches new cloud-based storage platform,still open
Deutsche Telekom,03/08/2023,84. Deutsche Telekom partners with Siemens for Industry 4.0,still open
Deutsche Telekom,03/08/2023,85. Deutsche Telekom introduces new cloud-based project management tool,still open
Deutsche Telekom,03/08/2023,86. Deutsche Telekom and Nokia plan to use AI for 5G rollout,still open
Deutsche Telekom,03/08/2023,87. Deutsche Telekom to launch new smart office products,still open
Deutsche Telekom,03/08/2023,88. Deutsche Telekom and Atos partner for cloud services,still open
Deutsche Telekom,03/08/2023,89. Deutsche Telekom to launch new smart logistics solutions,still open
Deutsche Telekom,03/08/2023,90. Deutsche Telekom introduces new cloud-based document management system,still open
Deutsche Telekom,03/08/2023,91. Deutsche Telekom and Intel plan to use AI for 5G rollout,still open
Deutsche Telekom,03/08/2023,92. Deutsche Telekom invests in autonomous driving startup,still open
Deutsche Telekom,03/08/2023,93. Deutsche Telekom partners with DHL for smart logistics solutions,still open
Deutsche Telekom,03/08/2023,94. Deutsche Telekom introduces new cloud-based CRM platform,still open
Deutsche Telekom,03/08/2023,95. Deutsche Telekom and Ericsson plan to use AI for 5G rollout,still open
Deutsche Telekom,03/08/2023,96. Deutsche Telekom launches new smart energy solutions,still open
Deutsche Telekom,03/08/2023,97. Deutsche Telekom expands its fiber network in Eastern Europe,still open
Deutsche Telekom,03/08/2023,98. Deutsche Telekom announces new 5G-enabled buses,still open
Deutsche Telekom,03/08/2023,99. Deutsche Telekom partners with Accenture for cloud services,still open
Deutsche Telekom,03/08/2023,100. Deutsche Telekom to launch new smart healthcare solutions,still open
Deutsche Telekom,03/08/2023,101. Deutsche Telekom introduces new cloud-based HR management tool,still open
Deutsche Telekom,03/08/2023,102. Deutsche Telekom and Nokia plan to use drones for 5G deployment,still open
Deutsche Telekom,03/08/2023,103. Deutsche Telekom to launch new smart shopping solutions,still open
Deutsche Telekom,03/08/2023,104. Deutsche Telekom invests in renewable energy startup,still open
Deutsche Telekom,03/08/2023,105. Deutsche Telekom partners with Oracle for cloud services,still open
Deutsche Telekom,03/08/2023,106. Deutsche Telekom introduces new cloud-based supply chain management platform,still open
Deutsche Telekom,03/08/2023,107. Deutsche Telekom and Nokia plan to use blockchain for 5G security,still open
Deutsche Telekom,03/08/2023,108. Deutsche Telekom launches new smart agriculture solutions,still open
Deutsche Telekom,03/08/2023,109. Deutsche Telekom expands its fiber network in Africa,still open
Deutsche Telekom,03/08/2023,110. Deutsche Telekom announces new 5G-enabled trains,still open
Deutsche Telekom,03/08/2023,111. Deutsche Telekom and Accenture plan to use AI for 5G rollout,still open
Deutsche Telekom,03/08/2023,112. Deutsche Telekom to launch new smart tourism solutions,still open
Deutsche Telekom,03/08/2023,113. Deutsche Telekom introduces new cloud-based financial management tool,still open
Deutsche Telekom,03/08/2023,114. Deutsche Telekom and Nokia plan to use AI for 5G security,still open
Deutsche Telekom,03/08/2023,115. Deutsche Telekom launches new smart water management solutions,still open
Deutsche Telekom,03/08/2023,116. Deutsche Telekom partners with SAP for cloud services,still open
Deutsche Telekom,03/08/2023,117. Deutsche Telekom introduces new cloud-based project collaboration tool,still open
Deutsche Telekom,03/08/2023,118. Deutsche Telekom and Ericsson plan to use drones for 5G deployment,still open
Deutsche Telekom,03/08/2023,119. Deutsche Telekom to launch new smart waste management solutions,still open
Deutsche Telekom,03/08/2023,120. Deutsche Telekom invests in hydrogen fuel cell startup,still open
Deutsche Telekom,03/08/2023,121. Deutsche Telekom partners with Microsoft for cloud gaming platform,still open
Deutsche Telekom,03/08/2023,122. Deutsche Telekom introduces new cloud-based event management tool,still open
Deutsche Telekom,03/08/2023,123. Deutsche Telekom and Huawei use blockchain for 5G security,still open
Deutsche Telekom,03/08/2023,124. Deutsche Telekom launches new smart building solutions,still open
Deutsche Telekom,03/08/2023,125. Deutsche Telekom expands its fiber network in Latin America,still open
Deutsche Telekom,03/08/2023,126. Deutsche Telekom announces new 5G-enabled planes,still open
Deutsche Telekom,03/08/2023,127. Deutsche Telekom and Tata Consultancy Services partner for cloud services,still open
Deutsche Telekom,03/08/2023,128. Deutsche Telekom introduces new cloud-based task management tool,still open
Deutsche Telekom,03/08/2023,129. Deutsche Telekom and Nokia plan to use blockchain for 5G deployment,still open
Deutsche Telekom,03/08/2023,130. Deutsche Telekom launches new smart waste recycling solutions,still open
Deutsche Telekom,03/08/2023,131. Deutsche Telekom partners with E.ON for renewable energy solutions,still open
Deutsche Telekom,03/08/2023,132. Deutsche Telekom introduces new cloud-based project scheduling tool,still open
Deutsche Telekom,03/08/2023,133. Deutsche Telekom and Ericsson use blockchain for 5G security,still open
Deutsche Telekom,03/08/2023,134. Deutsche Telekom to launch new smart parking solutions,still open
Deutsche Telekom,03/08/2023,135. Deutsche Telekom invests in electric vehicle charging startup,still open
Deutsche Telekom,03/08/2023,136. Deutsche Telekom partners with Google for cloud services,still open
Deutsche Telekom,03/08/2023,137. Deutsche Telekom introduces new cloud-based inventory management tool,still open
Deutsche Telekom,03/08/2023,138. Deutsche Telekom and Huawei use drones for 5G deployment,still open
Deutsche Telekom,03/08/2023,139. Deutsche Telekom launches new smart air pollution monitoring solutions,still open
Deutsche Telekom,03/08/2023,140. Deutsche Telekom expands its fiber network in Asia,still open
Deutsche Telekom,03/08/2023,141. Deutsche Telekom announces new 5G-enabled ships,still open
Deutsche Telekom,03/08/2023,142. Deutsche Telekom and Tata Communications partner for cloud services,still open
Deutsche Telekom,03/08/2023,143. Deutsche Telekom introduces new cloud-based time tracking tool,still open
Deutsche Telekom,03/08/2023,144. Deutsche Telekom and Nokia use drones for 5G deployment,still open
Deutsche Telekom,03/08/2023,145. Deutsche Telekom to launch new smart road safety solutions,still open
Deutsche Telekom,03/08/2023,146. Deutsche Telekom invests in green hydrogen startup,still open
Deutsche Telekom,03/08/2023,147. Deutsche Telekom partners with IBM for cloud services,still open
Deutsche Telekom,03/08/2023,148. Deutsche Telekom introduces new cloud-based asset management tool,still open
Deutsche Telekom,03/08/2023,149. Deutsche Telekom and Ericsson use drones for 5G security,still open
Deutsche Telekom,03/08/2023,150. Deutsche Telekom launches new smart fire detection solutions,still open
Deutsche Telekom,03/08/2023,151. Deutsche Telekom expands its fiber network in the Middle East,still open
Deutsche Telekom,03/08/2023,152. Deutsche Telekom announces new 5G-enabled satellites,still open
Deutsche Telekom,03/08/2023,153. Deutsche Telekom and T-Systems partner for cloud services,still open
Deutsche Telekom,03/08/2023,154. Deutsche Telekom introduces new cloud-based inventory tracking tool,still open
Deutsche Telekom,03/08/2023,155. Deutsche Telekom and Nokia use blockchain for 5G deployment,still open
Deutsche Telekom,03/08/2023,156. Deutsche Telekom launches new smart earthquake monitoring solutions,still open
Deutsche Telekom,03/08/2023,157. Deutsche Telekom invests in sustainable packaging startup,still open
Deutsche Telekom,03/08/2023,158. Deutsche Telekom partners with Red Hat for cloud services,still open
Deutsche Telekom,03/08/2023,159. Deutsche Telekom introduces new cloud-based expense management tool,still open
Deutsche Telekom,03/08/2023,160. Deutsche Telekom and Ericsson use blockchain for 5G deployment,still open
Deutsche Telekom,03/08/2023,161. Deutsche Telekom to launch new smart weather monitoring solutions,still open
Deutsche Telekom,03/08/2023,162. Deutsche Telekom expands its fiber network in Canada,still open
Deutsche Telekom,03/08/2023,163. Deutsche Telekom announces new 5G-enabled drones,still open
Deutsche Telekom,03/08/2023,164. Deutsche Telekom and T-Systems partner for IoT solutions,still open
Deutsche Telekom,03/08/2023,165. Deutsche Telekom introduces new cloud-based billing and invoicing tool,still open
Deutsche Telekom,03/08/2023,166. Deutsche Telekom and Nokia use drones for 5G security,still open
Deutsche Telekom,03/08/2023,167. Deutsche Telekom launches new smart city surveillance solutions,still open
Deutsche Telekom,03/08/2023,168. Deutsche Telekom invests in carbon capture startup,still open
Deutsche Telekom,03/08/2023,169. Deutsche Telekom partners with Salesforce for cloud services,still open
Deutsche Telekom,03/08/2023,170. Deutsche Telekom introduces new cloud-based asset tracking tool,still open
Deutsche Telekom,03/08/2023,171. Deutsche Telekom and Ericsson use blockchain for IoT security,still open
Deutsche Telekom,03/08/2023,172. Deutsche Telekom to launch new smart traffic management solutions,still open
Deutsche Telekom,03/08/2023,173. Deutsche Telekom expands its fiber network in Australia,still open
Deutsche Telekom,03/08/2023,174. Deutsche Telekom announces new 5G-enabled submarines,still open
Deutsche Telekom,03/08/2023,175. Deutsche Telekom and T-Systems partner for digital transformation solutions,still open
Deutsche Telekom,03/08/2023,176. Deutsche Telekom introduces new cloud-based procurement tool,still open
Deutsche Telekom,03/08/2023,177. Deutsche Telekom and Nokia use blockchain for IoT security,still open
Deutsche Telekom,03/08/2023,178. Deutsche Telekom launches new smart road maintenance solutions,still open
Deutsche Telekom,03/08/2023,179. Deutsche Telekom invests in sustainable aviation startup,still open
Deutsche Telekom,03/08/2023,180. Deutsche Telekom partners with Adobe for cloud services,still open
Deutsche Telekom,03/08/2023,181. Deutsche Telekom introduces new cloud-based invoice management tool,still open
Deutsche Telekom,03/08/2023,182. Deutsche Telekom and Ericsson use drones for IoT security,still open
Deutsche Telekom,03/08/2023,183. Deutsche Telekom to launch new smart waste disposal solutions,still open
Deutsche Telekom,03/08/2023,184. Deutsche Telekom expands its fiber network in South America,still open
Deutsche Telekom,03/08/2023,185. Deutsche Telekom announces new 5G-enabled submarines for underwater communication,still open
Deutsche Telekom,03/08/2023,186. Deutsche Telekom and T-Systems partner for public sector solutions,still open
Deutsche Telekom,03/08/2023,187. Deutsche Telekom introduces new cloud-based ticketing system,still open
Deutsche Telekom,03/08/2023,188. Deutsche Telekom and Nokia use blockchain for autonomous driving security,still open
Deutsche Telekom,03/08/2023,189. Deutsche Telekom launches new smart energy-efficient solutions,still open
Deutsche Telekom,03/08/2023,190. Deutsche Telekom invests in sustainable agriculture startup,still open
Deutsche Telekom,03/08/2023,191. Deutsche Telekom partners with Cisco for cloud services,still open
Deutsche Telekom,03/08/2023,192. Deutsche Telekom introduces new cloud-based contract management tool,still open
Deutsche Telekom,03/08/2023,193. Deutsche Telekom and Ericsson use blockchain for autonomous driving security,still open
Deutsche Telekom,03/08/2023,194. Deutsche Telekom to launch new smart city parking solutions,still open
Deutsche Telekom,03/08/2023,195. Deutsche Telekom expands its fiber network in the United States,still open
Deutsche Telekom,03/08/2023,196. Deutsche Telekom announces new 5G-enabled satellites to fuel IoT and M2M communication,still open
Deutsche Telekom,03/08/2023,197. Deutsche Telekom and T-Systems partner for education sector solutions,still open
Deutsche Telekom,03/08/2023,198. Deutsche Telekom introduces new cloud-based onboarding tool,still open
Deutsche Telekom,03/08/2023,199. Deutsche Telekom and Nokia use blockchain for smart city security,still open
Deutsche Telekom,03/08/2023,200. Deutsche Telekom launches new smart transportation solutions for cities.,still open
