Eon,03/08/2023,1. Eon steigert Gewinn im ersten Quartal,still open
Eon,03/08/2023,2. Eon stellt neues Management-Team vor,still open
Eon,03/08/2023,3. Eon startet grosses Solarprojekt,still open
Eon,03/08/2023,4. Eon investiert in Offshore-Windenergie,still open
Eon,03/08/2023,5. Eon will bis 2030 klimaneutral sein,still open
Eon,03/08/2023,6. Eon zieht sich aus Sudafrika zuruck,still open
Eon,03/08/2023,7. Eon kauft Erdgasfeld in Norwegen,still open
Eon,03/08/2023,8. Eon kundigt weitere Kostenreduzierung an,still open
Eon,03/08/2023,9. Eon kooperiert mit Start-up fur intelligente Stromnetze,still open
Eon,03/08/2023,10. Eon verkauft Beteiligung an Kraftwerksprojekt in Argentinien,still open
Eon,03/08/2023,11. Eon setzt auf Blockchain-Technologie,still open
Eon,03/08/2023,12. Eon schliesst Kohlekraftwerke in Deutschland,still open
Eon,03/08/2023,13. Eon ubernimmt Online-Energielieferant,still open
Eon,03/08/2023,14. Eon ist grosster deutscher Stromerzeuger,still open
Eon,03/08/2023,15. Eon setzt auf Elektromobilitat,still open
Eon,03/08/2023,16. Eon beteiligt sich an Wasserstoff-Projekten,still open
Eon,03/08/2023,17. Eon kooperiert mit Stadtwerken,still open
Eon,03/08/2023,18. Eon erhalt Zuschlag fur Windpark in Schottland,still open
Eon,03/08/2023,19. Eon mit Rekordgewinn,still open
Eon,03/08/2023,20. Eon will alte Atomkraftwerke schneller abschalten,still open
Eon,03/08/2023,21. Eon setzt auf Photovoltaik in Spanien,still open
Eon,03/08/2023,22. Eon verzeichnet Umsatzanstieg,still open
Eon,03/08/2023,23. Eon schliesst Produktionsstandorte,still open
Eon,03/08/2023,24. Eon investiert in erneuerbare Energien in Brasilien,still open
Eon,03/08/2023,25. Eon erweitert Engagement in den USA,still open
Eon,03/08/2023,26. Eon setzt auf Smart Home-Losungen,still open
Eon,03/08/2023,27. Eon ubernimmt Wartung von Windparks,still open
Eon,03/08/2023,28. Eon verkauft Geschaftsbereich Gastransport,still open
Eon,03/08/2023,29. Eon kooperiert mit Berliner Verkehrsbetrieben,still open
Eon,03/08/2023,30. Eon setzt auf Energieeffizienz,still open
Eon,03/08/2023,31. Eon will Vertrieb von Ökostrom ausbauen,still open
Eon,03/08/2023,32. Eon kundigt Investitionen in die Gasinfrastruktur an,still open
Eon,03/08/2023,33. Eon steigt bei Batteriespeichern ein,still open
Eon,03/08/2023,34. Eon sammelt Geld fur erneuerbare Energien ein,still open
Eon,03/08/2023,35. Eon kooperiert mit Tschechischen Energieversorgern,still open
Eon,03/08/2023,36. Eon setzt auf Wasserstoff als Energietrager,still open
Eon,03/08/2023,37. Eon kauft Windpark in Frankreich,still open
Eon,03/08/2023,38. Eon beschleunigt Kohleausstieg,still open
Eon,03/08/2023,39. Eon kooperiert mit Stadtwerken bei Biogasanlagen,still open
Eon,03/08/2023,40. Eon unterzeichnet Abkommen mit schwedischem Energieunternehmen,still open
Eon,03/08/2023,41. Eon kauft britische Gasgesellschaft,still open
Eon,03/08/2023,42. Eon plant Bau von Wasserstoff-Auto-Tankstellen,still open
Eon,03/08/2023,43. Eon ubernimmt norwegische Solarmodulhersteller,still open
Eon,03/08/2023,44. Eon setzt auf virtuelle Kraftwerke,still open
Eon,03/08/2023,45. Eon verkauft Beteiligung an argentinischem Windpark,still open
Eon,03/08/2023,46. Eon expandiert in Asien,still open
Eon,03/08/2023,47. Eon startet erneuerbare Energie Initiative in Indien,still open
Eon,03/08/2023,48. Eon plant Bau von Wasserkraftwerk in Brasilien,still open
Eon,03/08/2023,49. Eon verstarkt Engagement auf dem irischen Markt,still open
Eon,03/08/2023,50. Eon setzt auf Wasserstoff-Produktion aus Biomull,still open
Eon,03/08/2023,51. Eon eroffnet neues Buro in London,still open
Eon,03/08/2023,52. Eon kooperiert mit italienischem Energieunternehmen,still open
Eon,03/08/2023,53. Eon steigert Umsatz im zweiten Quartal,still open
Eon,03/08/2023,54. Eon verkauft grossten Solarpark in Deutschland,still open
Eon,03/08/2023,55. Eon beteiligt sich an Geothermie-Projekt,still open
Eon,03/08/2023,56. Eon beteiligt sich an Solarpark in Chile,still open
Eon,03/08/2023,57. Eon kauft Gasgeschaft in Italien,still open
Eon,03/08/2023,58. Eon setzt auf E-Busse in Spanien,still open
Eon,03/08/2023,59. Eon reduziert CO2-Ausstoss um ein Drittel,still open
Eon,03/08/2023,60. Eon verkauft Geschaftsbereich erneuerbare Energien in Schweden,still open
Eon,03/08/2023,61. Eon plant Bau von Pump-Wasserkraftwerk in Österreich,still open
Eon,03/08/2023,62. Eon verkauft Beteiligung an Aquakultur-Projekt in Norwegen,still open
Eon,03/08/2023,63. Eon kauft Gasinfrastruktur in Tschechien,still open
Eon,03/08/2023,64. Eon investiert in Windpark in Polen,still open
Eon,03/08/2023,65. Eon startet Smart-Grid-Projekt in Danemark,still open
Eon,03/08/2023,66. Eon eroffnet neuen Energiespeicher in den USA,still open
Eon,03/08/2023,67. Eon setzt auf Wasserkraft in Kanada,still open
Eon,03/08/2023,68. Eon plant Bau von Biomassekraftwerk in Frankreich,still open
Eon,03/08/2023,69. Eon startet Grossprojekt in Afrika,still open
Eon,03/08/2023,70. Eon setzt auf erneuerbare Warme,still open
Eon,03/08/2023,71. Eon schliesst altestes deutsches Atomkraftwerk,still open
Eon,03/08/2023,72. Eon steigert Umsatz im dritten Quartal,still open
Eon,03/08/2023,73. Eon verkauft Beteiligung an Kohlebergbauprojekt,still open
Eon,03/08/2023,74. Eon setzt auf Windenergie auf hoher See,still open
Eon,03/08/2023,75. Eon plant Bau von Geothermiekraftwerk in Island,still open
Eon,03/08/2023,76. Eon steigt bei Wasserstoff-Projekt in Australien ein,still open
Eon,03/08/2023,77. Eon investiert in neues Gasnetzprojekt in Deutschland,still open
Eon,03/08/2023,78. Eon setzt auf CO2-Abscheidung,still open
Eon,03/08/2023,79. Eon eroffnet neue Solarkraftwerke in Spanien,still open
Eon,03/08/2023,80. Eon kooperiert mit Elektroauto-Herstellern,still open
Eon,03/08/2023,81. Eon verkauft Geschaftsbereich erneuerbare Energien in Frankreich,still open
Eon,03/08/2023,82. Eon plant Bau von Windpark in der Nordsee,still open
Eon,03/08/2023,83. Eon kauft Kohlekraftwerk in Italien,still open
Eon,03/08/2023,84. Eon beteiligt sich an Geothermie-Projekt in Deutschland,still open
Eon,03/08/2023,85. Eon plant weitere Kostensenkungen,still open
Eon,03/08/2023,86. Eon eroffnet neues Gas- und Dampfkraftwerk in Spanien,still open
Eon,03/08/2023,87. Eon startet neues Solarkraftwerk in den USA,still open
Eon,03/08/2023,88. Eon kooperiert mit schwedischem Energieunternehmen bei Windparks,still open
Eon,03/08/2023,89. Eon setzt auf erneuerbare Warme in Gebauden,still open
Eon,03/08/2023,90. Eon ubernimmt Anteil an italienischem Wasserkraftwerk,still open
Eon,03/08/2023,91. Eon kooperiert mit Universitaten bei Forschungsprojekten,still open
Eon,03/08/2023,92. Eon setzt auf virtuelle Kraftwerke in Deutschland,still open
Eon,03/08/2023,93. Eon beteiligt sich an Batteriefirma,still open
Eon,03/08/2023,94. Eon verkauft Gaskraftwerk in den USA,still open
Eon,03/08/2023,95. Eon setzt auf Biomasse-Heizkraftwerk in Tschechien,still open
Eon,03/08/2023,96. Eon plant Bau von Offshore-Windpark in Grossbritannien,still open
Eon,03/08/2023,97. Eon kooperiert mit Stadtwerken bei Photovoltaikanlagen,still open
Eon,03/08/2023,98. Eon setzt auf Elektrolyse-Technologie,still open
Eon,03/08/2023,99. Eon beteiligt sich an erneuerbaren Energien in Mexiko,still open
Eon,03/08/2023,100. Eon investiert in Biomassekraftwerk in Schweden,still open
Eon,03/08/2023,101. Eon reduziert CO2-Ausstoss um 25 Prozent,still open
Eon,03/08/2023,102. Eon kauft Gasgeschaft in Spanien,still open
Eon,03/08/2023,103. Eon verkauft Beteiligung an Windpark in Rumanien,still open
Eon,03/08/2023,104. Eon steigt bei offshore-Windpark in Australien ein,still open
Eon,03/08/2023,105. Eon setzt auf Solarenergie in Kanada,still open
Eon,03/08/2023,106. Eon plant Bau von Wasserstoff-Tankstellen in Deutschland,still open
Eon,03/08/2023,107. Eon eroffnet neues Biomassekraftwerk in Frankreich,still open
Eon,03/08/2023,108. Eon kooperiert mit Start-up fur innovative Energieeffizienz-Systeme,still open
Eon,03/08/2023,109. Eon beteiligt sich an Wasserinfrastrukturprojekt in Brasilien,still open
Eon,03/08/2023,110. Eon steigert Gewinn im vierten Quartal,still open
Eon,03/08/2023,111. Eon verkauft Geschaftsbereich erneuerbare Energien in Norwegen,still open
Eon,03/08/2023,112. Eon setzt auf Solarthermie in Spanien,still open
Eon,03/08/2023,113. Eon untersucht Einsatz von Wasserstoff in der Stahlindustrie,still open
Eon,03/08/2023,114. Eon kauft Kohlebergbauprojekt in Kolumbien,still open
Eon,03/08/2023,115. Eon eroffnet neues Wasserkraftwerk in Taiwan,still open
Eon,03/08/2023,116. Eon kooperiert mit spanischen Stadtwerken bei Windparks,still open
Eon,03/08/2023,117. Eon setzt auf Biomethan als CO2-neutrale Energiequelle,still open
Eon,03/08/2023,118. Eon beteiligt sich an Solarkraftwerkprojekt in Indien,still open
Eon,03/08/2023,119. Eon verkauft Beteiligung an Offshore-Windpark in Deutschland,still open
Eon,03/08/2023,120. Eon steigt bei Biogasanlage in der Turkei ein,still open
Eon,03/08/2023,121. Eon setzt auf Energieversorgung von Elektroautos,still open
Eon,03/08/2023,122. Eon plant Bau von Geothermiekraftwerk in der Schweiz,still open
Eon,03/08/2023,123. Eon eroffnet neues Wasserkraftwerk in Brasilien,still open
Eon,03/08/2023,124. Eon kooperiert mit kolumbianischem Energieversorger bei Biogasanlage,still open
Eon,03/08/2023,125. Eon setzt auf virtuelle Kraftwerke auf dem Balkan,still open
Eon,03/08/2023,126. Eon beteiligt sich an Solarthermieprojekt in China,still open
Eon,03/08/2023,127. Eon verkauft Geschaftsbereich erneuerbare Energien in Österreich,still open
Eon,03/08/2023,128. Eon setzt auf Wasserstoff-Produktion aus Abfallen,still open
Eon,03/08/2023,129. Eon investiert in Offshore-Windpark in Sudafrika,still open
Eon,03/08/2023,130. Eon eroffnet neues Biomasseheizkraftwerk in Tschechien,still open
Eon,03/08/2023,131. Eon kooperiert mit Start-up fur Energiespeicherung,still open
Eon,03/08/2023,132. Eon beteiligt sich an Windparkprojekt in Chile,still open
Eon,03/08/2023,133. Eon verkauft Beteiligung an erneuerbaren Energien in Australien,still open
Eon,03/08/2023,134. Eon steigt bei Wasserreinigungsprojekt ein,still open
Eon,03/08/2023,135. Eon setzt auf Elektrolyse-Technologie in Australien,still open
Eon,03/08/2023,136. Eon plant Bau von Geothermiekraftwerk in Polen,still open
Eon,03/08/2023,137. Eon eroffnet neues Windkraftwerk in Argentinien,still open
Eon,03/08/2023,138. Eon kooperiert mit schwedischem Energieunternehmen bei Biomasseheizkraftwerken,still open
Eon,03/08/2023,139. Eon setzt auf Solar- und Wasserkraft in Afrika,still open
Eon,03/08/2023,140. Eon beteiligt sich an Gasnetz-Infrastrukturprojekt in Frankreich,still open
Eon,03/08/2023,141. Eon verkauft Geschaftsbereich erneuerbare Energien in Spanien,still open
Eon,03/08/2023,142. Eon setzt auf Wasserstoff-Produktion aus erneuerbaren Energien,still open
Eon,03/08/2023,143. Eon investiert in Wasserkraftwerk in Kolumbien,still open
Eon,03/08/2023,144. Eon eroffnet neues Biomassekraftwerk in Spanien,still open
Eon,03/08/2023,145. Eon kooperiert mit Start-up fur intelligente Energiemanagement-Losungen,still open
Eon,03/08/2023,146. Eon beteiligt sich an Offshore-Windparkprojekt in den Niederlanden,still open
Eon,03/08/2023,147. Eon verkauft Beteiligung an Gasgeschaft in Norwegen,still open
Eon,03/08/2023,148. Eon steigt bei Solarenergieprojekt in den USA ein,still open
Eon,03/08/2023,149. Eon setzt auf erneuerbare Energien in Vietnam,still open
Eon,03/08/2023,150. Eon plant Bau von Wasserkraftwerk in Norwegen,still open
Eon,03/08/2023,151. Eon eroffnet neues Solarparkprojekt in Spanien,still open
Eon,03/08/2023,152. Eon kooperiert mit britischen Stadtwerken bei erneuerbaren Energien,still open
Eon,03/08/2023,153. Eon setzt auf Elektrolyse-Technologie in Kanada,still open
Eon,03/08/2023,154. Eon beteiligt sich an Windparkprojekt in Sudkorea,still open
Eon,03/08/2023,155. Eon verkauft Geschaftsbereich erneuerbare Energien in Grossbritannien,still open
Eon,03/08/2023,156. Eon setzt auf Wasserstoff-Produktion aus Mullverbrennungsanlagen,still open
Eon,03/08/2023,157. Eon investiert in Geothermiekraftwerk in Sudafrika,still open
Eon,03/08/2023,158. Eon eroffnet neues Windkraftwerk in Brasilien,still open
Eon,03/08/2023,159. Eon kooperiert mit Start-up fur emissionsfreie Mobilitat,still open
Eon,03/08/2023,160. Eon beteiligt sich an Solarenergieprojekt in Australien,still open
Eon,03/08/2023,161. Eon verkauft Beteiligung an Biomasseheizkraftwerk in Italien,still open
Eon,03/08/2023,162. Eon steigt bei Gasversorgungsprojekt in Ukraine ein,still open
Eon,03/08/2023,163. Eon setzt auf erneuerbare Warme in Schweden,still open
Eon,03/08/2023,164. Eon plant Bau von Offshore-Windpark in Mexiko,still open
Eon,03/08/2023,165. Eon eroffnet neues Wasserkraftwerk in der Turkei,still open
Eon,03/08/2023,166. Eon kooperiert mit chinesischem Energieunternehmen bei Solarenergieprojekt,still open
Eon,03/08/2023,167. Eon setzt auf Elektrolyse-Technologie in Taiwan,still open
Eon,03/08/2023,168. Eon beteiligt sich an Windparkprojekt in Israel,still open
Eon,03/08/2023,169. Eon verkauft Geschaftsbereich erneuerbare Energien in Kanada,still open
Eon,03/08/2023,170. Eon setzt auf erneuerbare Energien in Ägypten,still open
Eon,03/08/2023,171. Eon investiert in Wasserkraftwerk in Norwegen,still open
Eon,03/08/2023,172. Eon eroffnet neues Biomassekraftwerk in Portugal,still open
Eon,03/08/2023,173. Eon kooperiert mit franzosischem Energieversorger bei Wasserstoffprojekt,still open
Eon,03/08/2023,174. Eon beteiligt sich an Windparkprojekt in Japan,still open
Eon,03/08/2023,175. Eon verkauft Beteiligung an Gasinfrastrukturprojekt in Portugal,still open
Eon,03/08/2023,176. Eon steigt bei Solarenergieprojekt in Marokko ein,still open
Eon,03/08/2023,177. Eon setzt auf erneuerbare Warme in Australien,still open
Eon,03/08/2023,178. Eon plant Bau von Geothermiekraftwerk in Rumanien,still open
Eon,03/08/2023,179. Eon eroffnet neues Wasserkraftwerk in Norwegen,still open
Eon,03/08/2023,180. Eon kooperiert mit schwedischem Energieunternehmen bei Biomassekraftwerk,still open
Eon,03/08/2023,181. Eon setzt auf Elektrolyse-Technologie in Chile,still open
Eon,03/08/2023,182. Eon beteiligt sich an Offshore-Windparkprojekt in Russland,still open
Eon,03/08/2023,183. Eon verkauft Geschaftsbereich erneuerbare Energien in Chile,still open
Eon,03/08/2023,184. Eon setzt auf Wasserstoff-Produktion aus erneuerbaren Energien in Australien,still open
Eon,03/08/2023,185. Eon investiert in Geothermiekraftwerk in den Niederlanden,still open
Eon,03/08/2023,186. Eon eroffnet neues Windkraftwerk in Sudkorea,still open
Eon,03/08/2023,187. Eon kooperiert mit Start-up fur innovative Geothermie-Technologie,still open
Eon,03/08/2023,188. Eon beteiligt sich an Solarenergieprojekt in Saudi-Arabien,still open
Eon,03/08/2023,189. Eon verkauft Beteiligung an Biomasseheizkraftwerk in Brasilien,still open
Eon,03/08/2023,190. Eon steigt bei Gasversorgungsprojekt in Kasachstan ein,still open
Eon,03/08/2023,191. Eon setzt auf erneuerbare Warme in Indien,still open
Eon,03/08/2023,192. Eon plant Bau von Offshore-Windpark in Kanada,still open
Eon,03/08/2023,193. Eon eroffnet neues Wasserkraftwerk in Frankreich,still open
Eon,03/08/2023,194. Eon kooperiert mit norwegischem Energieversorger bei Wasserstoffprojekt,still open
Eon,03/08/2023,195. Eon setzt auf Elektrolyse-Technologie in Indien,still open
Eon,03/08/2023,196. Eon beteiligt sich an Offshore-Windparkprojekt in Australien,still open
Eon,03/08/2023,197. Eon verkauft Geschaftsbereich erneuerbare Energien in den USA,still open
Eon,03/08/2023,198. Eon setzt auf Wasserstoff-Produktion aus Abfallen in den USA,still open
Eon,03/08/2023,199. Eon investiert in Geothermieprojekt in Kanada,still open
Eon,03/08/2023,200. Eon eroffnet neues Solarthermieprojekt in Chile,still open
