Hannover Rück,03/08/2023,Hannover Ruck berichtet starkes 2019 mit Gewinnsteigerung,still open
Hannover Rück,03/08/2023,Hannover Ruck stellt Dividendenerhohung fur 2019 in Aussicht,still open
Hannover Rück,03/08/2023,Hannover Ruck schliesst Übernahme von Argenta ab,still open
Hannover Rück,03/08/2023,Hannover Ruck setzt auf Digitalisierung und Cybersicherheit,still open
Hannover Rück,03/08/2023,Hannover Ruck erweitert Geschaftsbereich Life & Health,still open
Hannover Rück,03/08/2023,Hannover Ruck startet Crowdfunding-Programm fur Start-ups,still open
Hannover Rück,03/08/2023,Hannover Ruck investiert in erneuerbare Energien-Projekte,still open
Hannover Rück,03/08/2023,Hannover Ruck verzeichnet starkes Pramienwachstum in Asien,still open
Hannover Rück,03/08/2023,Hannover Ruck steigert Kapitalanlagen um 8,5 Prozent,still open
Hannover Rück,03/08/2023,Hannover Ruck verlangert COO-Vertrage,still open
Hannover Rück,03/08/2023,Hannover Ruck gibt Jahresergebnis 2018 bekannt,still open
Hannover Rück,03/08/2023,Hannover Ruck erhoht sein Nettoergebnis um 31,7 Prozent,still open
Hannover Rück,03/08/2023,Hannover Ruck bestatigt Dividende von 5,25 Euro je Aktie,still open
Hannover Rück,03/08/2023,Hannover Ruck macht Zukunftsplane fur die nachsten Jahre,still open
Hannover Rück,03/08/2023,Hannover Ruck erzielt Rekordumsatz von 22,7 Milliarden Euro,still open
Hannover Rück,03/08/2023,Hannover Ruck setzt auf Umsatzwachstum in Nordamerika,still open
Hannover Rück,03/08/2023,Hannover Ruck publiziert Nachhaltigkeitsbericht 2018,still open
Hannover Rück,03/08/2023,Hannover Ruck investiert in newWork-Space,still open
Hannover Rück,03/08/2023,Hannover Ruck erhalt Anerkennung fur Sustainability-Bemuhungen,still open
Hannover Rück,03/08/2023,Hannover Ruck kundigt Aktienruckkaufprogramm an,still open
Hannover Rück,03/08/2023,Hannover Ruck legt Fokus auf Kundenorientierung,still open
Hannover Rück,03/08/2023,Hannover Ruck geht Partnerschaft mit fuhrendem Insurtech ein,still open
Hannover Rück,03/08/2023,Hannover Ruck baut Cyber-Versicherungsgeschaft aus,still open
Hannover Rück,03/08/2023,Hannover Ruck bestatigt Finanzziele fur kommende Jahre,still open
Hannover Rück,03/08/2023,Hannover Ruck starkt Marktposition in Australien,still open
Hannover Rück,03/08/2023,Hannover Ruck investiert in kunstliche Intelligenz,still open
Hannover Rück,03/08/2023,Hannover Ruck nimmt Fuhrung bei ESG-Initiativen ein,still open
Hannover Rück,03/08/2023,Hannover Ruck schafft neue Stellen im Bereich Nachhaltigkeit,still open
Hannover Rück,03/08/2023,Hannover Ruck erzielt starkes Pramienwachstum in Europa,still open
Hannover Rück,03/08/2023,Hannover Ruck weitet Zusammenarbeit mit fuhrenden Maklern aus,still open
Hannover Rück,03/08/2023,Hannover Ruck veroffentlicht Jahresbericht 2018,still open
Hannover Rück,03/08/2023,Hannover Ruck erweitert angebotene Produkte und Dienstleistungen,still open
Hannover Rück,03/08/2023,Hannover Ruck meldet solides 1. Quartal 2020 trotz Corona-Krise,still open
Hannover Rück,03/08/2023,Hannover Ruck senkt Gewinnprognosen aufgrund von Corona-Krise,still open
Hannover Rück,03/08/2023,Hannover Ruck plant verstarktes Engagement in lateinamerikanischen Markten,still open
Hannover Rück,03/08/2023,Hannover Ruck erhalt A-Rating von Standard & Poor's,still open
Hannover Rück,03/08/2023,Hannover Ruck investiert in naturliche Kapitalanlagen,still open
Hannover Rück,03/08/2023,Hannover Ruck geht strategische Partnerschaft mit fuhrendem Broker ein,still open
Hannover Rück,03/08/2023,Hannover Ruck fuhrt umfassende Klimastrategie ein,still open
Hannover Rück,03/08/2023,Hannover Ruck startet neue Cyber-Versicherungspakete,still open
Hannover Rück,03/08/2023,Hannover Ruck setzt auf Losungen fur erneuerbare Energien-Industrie,still open
Hannover Rück,03/08/2023,Hannover Ruck erweitert Geschaftstatigkeit in Afrika,still open
Hannover Rück,03/08/2023,Hannover Ruck bestatigt Ausblick auf stabile Dividende,still open
Hannover Rück,03/08/2023,Hannover Ruck investiert in Big Data-Analysen,still open
Hannover Rück,03/08/2023,Hannover Ruck setzt auf zukunftsweisende Restrukturierung,still open
Hannover Rück,03/08/2023,Hannover Ruck baut Kundenservice aus,still open
Hannover Rück,03/08/2023,Hannover Ruck investiert in Blockchain-Technologie,still open
Hannover Rück,03/08/2023,Hannover Ruck setzt auf Vermogensverwaltungs-Strategie,still open
Hannover Rück,03/08/2023,Hannover Ruck investiert in Technologien zur Schadensbehebung,still open
Hannover Rück,03/08/2023,Hannover Ruck gibt Nachhaltigkeitsziele bis 2025 bekannt,still open
Hannover Rück,03/08/2023,Hannover Ruck fuhrt flexible Arbeitsmodelle ein,still open
Hannover Rück,03/08/2023,Hannover Ruck setzt auf Expansion in Asien-Pazifik-Region,still open
Hannover Rück,03/08/2023,Hannover Ruck investiert in Smart-City-Losungen,still open
Hannover Rück,03/08/2023,Hannover Ruck erweitert Geschaftsbereich Specialty Insurance,still open
Hannover Rück,03/08/2023,Hannover Ruck bestatigt ROI-Ziele,still open
Hannover Rück,03/08/2023,Hannover Ruck stellt neue Geschaftseinheit Digitalisierung auf,still open
Hannover Rück,03/08/2023,Hannover Ruck startet Klimarisiko-Versicherung,still open
Hannover Rück,03/08/2023,Hannover Ruck investiert in Zukunftstechnologie HealthTech,still open
Hannover Rück,03/08/2023,Hannover Ruck setzt auf Risikomanagement-Strategien,still open
Hannover Rück,03/08/2023,Hannover Ruck steigt in den Markt fur Autoversicherungen ein,still open
Hannover Rück,03/08/2023,Hannover Ruck erwirbt Anteile am britischen Insurtech Wefox,still open
Hannover Rück,03/08/2023,Hannover Ruck bestatigt Ausrichtung auf Nachhaltigkeit,still open
Hannover Rück,03/08/2023,Hannover Ruck investiert in Fintech-Start-up,still open
Hannover Rück,03/08/2023,Hannover Ruck fuhrt verbesserte Risikobewertungen ein,still open
Hannover Rück,03/08/2023,Hannover Ruck plant verstarkte Prasenz in China,still open
Hannover Rück,03/08/2023,Hannover Ruck erweitert Angebot an ILS-Losungen,still open
Hannover Rück,03/08/2023,Hannover Ruck geht Partnerschaft mit fuhrendem Ruckversicherungsmakler ein,still open
Hannover Rück,03/08/2023,Hannover Ruck erhalt fuhrende Position im Bereich Cyber-Versicherungen,still open
Hannover Rück,03/08/2023,Hannover Ruck investiert in Insurtech in den USA,still open
Hannover Rück,03/08/2023,Hannover Ruck setzt auf Umwelt- und Sozialstandards in Anlagestrategie,still open
Hannover Rück,03/08/2023,Hannover Ruck erhalt Innovationspreis fur Cybersicherheit,still open
Hannover Rück,03/08/2023,Hannover Ruck bringt neues Produkt fur Landwirte auf den Markt,still open
Hannover Rück,03/08/2023,Hannover Ruck expandiert in den Bereich Mikroversicherungen,still open
Hannover Rück,03/08/2023,Hannover Ruck erweitert Ruckversicherungsgeschaft im Nahen Osten,still open
Hannover Rück,03/08/2023,Hannover Ruck investiert in erneuerbare Energien in Europa,still open
Hannover Rück,03/08/2023,Hannover Ruck verzeichnet Pramienwachstum im Bereich Engineering,still open
Hannover Rück,03/08/2023,Hannover Ruck geht strategische Partnerschaft mit Jungmaklern ein,still open
Hannover Rück,03/08/2023,Hannover Ruck investiert in Start-up fur kunstliche Intelligenz,still open
Hannover Rück,03/08/2023,Hannover Ruck unterstutzt Jugendliche bei der Berufswahl,still open
Hannover Rück,03/08/2023,Hannover Ruck startet Innovationsprogramm fur Mitarbeiter,still open
Hannover Rück,03/08/2023,Hannover Ruck setzt auf Blockchain-Technologie fur Vertragsabschlusse,still open
Hannover Rück,03/08/2023,Hannover Ruck erweitert Geschaftsbereich Renewable Energy & Infrastructure,still open
Hannover Rück,03/08/2023,Hannover Ruck fuhrt verbesserte Schadensbearbeitungsprozesse ein,still open
Hannover Rück,03/08/2023,Hannover Ruck investiert in grune Anleihen,still open
Hannover Rück,03/08/2023,Hannover Ruck setzt auf ESG-Integration in Anlagestrategie,still open
Hannover Rück,03/08/2023,Hannover Ruck verzeichnet Rekordpramienwachstum in Vietnam,still open
Hannover Rück,03/08/2023,Hannover Ruck investiert in Tech-Start-ups in Israel,still open
Hannover Rück,03/08/2023,Hannover Ruck fuhrt neue Risikoanalyse-Tools ein,still open
Hannover Rück,03/08/2023,Hannover Ruck erweitert Angebot fur Insurtechs,still open
Hannover Rück,03/08/2023,Hannover Ruck startet Cyberrisiko-Konsortium fur kleine und mittelstandische Unternehmen,still open
Hannover Rück,03/08/2023,Hannover Ruck geht neue Partnerschaften in Europa ein,still open
Hannover Rück,03/08/2023,Hannover Ruck investiert in neue Gesundheits-Technologien,still open
Hannover Rück,03/08/2023,Hannover Ruck verzeichnet Pramienwachstum in Sudafrika,still open
Hannover Rück,03/08/2023,Hannover Ruck setzt auf Ausbau der Geschaftstatigkeit in Lateinamerika,still open
Hannover Rück,03/08/2023,Hannover Ruck fordert Nachhaltigkeitsinitiativen im Bereich Wassermanagement,still open
Hannover Rück,03/08/2023,Hannover Ruck investiert in innovative Agrarprojekte,still open
Hannover Rück,03/08/2023,Hannover Ruck fuhrt neue Business-Analytics-Tools ein,still open
Hannover Rück,03/08/2023,Hannover Ruck erweitert Managementteam um Nachhaltigkeits-Experten,still open
Hannover Rück,03/08/2023,Hannover Ruck setzt auf Schulungen zum Thema Nachhaltigkeit fur Mitarbeiter,still open
Hannover Rück,03/08/2023,Hannover Ruck investiert in Start-up fur Raumfahrtversicherungen,still open
Hannover Rück,03/08/2023,Hannover Ruck fuhrt neue Produktlinien fur das Gesundheitswesen ein,still open
Hannover Rück,03/08/2023,Hannover Ruck verzeichnet starkes Wachstum in der Turkei,still open
Hannover Rück,03/08/2023,Hannover Ruck investiert in innovative Mobilitatslosungen,still open
Hannover Rück,03/08/2023,Hannover Ruck setzt auf CO2-neutrale Geschaftsprozesse,still open
Hannover Rück,03/08/2023,Hannover Ruck investiert in Start-ups fur Robotik und Automatisierung,still open
Hannover Rück,03/08/2023,Hannover Ruck spendet fur lokale Umweltprojekte,still open
Hannover Rück,03/08/2023,Hannover Ruck erweitert Geschaftsbereich Schifffahrt,still open
Hannover Rück,03/08/2023,Hannover Ruck investiert in neue Technologien zur Schadenbearbeitung,still open
Hannover Rück,03/08/2023,Hannover Ruck setzt auf Expansion in Indien,still open
Hannover Rück,03/08/2023,Hannover Ruck erweitert Angebot an Katastrophen-Deckungen,still open
Hannover Rück,03/08/2023,Hannover Ruck fuhrt neue Serviceleistungen fur Kunden ein,still open
Hannover Rück,03/08/2023,Hannover Ruck beteiligt sich an FinTech-Unternehmen in Grossbritannien,still open
Hannover Rück,03/08/2023,Hannover Ruck setzt auf verbessertes Schadenmanagement in der Autoindustrie,still open
Hannover Rück,03/08/2023,Hannover Ruck verzeichnet Pramienwachstum im Bereich Luftfahrt,still open
Hannover Rück,03/08/2023,Hannover Ruck investiert in erneuerbare Energien auf den Philippinen,still open
Hannover Rück,03/08/2023,Hannover Ruck setzt auf transparente Berichterstattung in Nachhaltigkeitsbereichen,still open
Hannover Rück,03/08/2023,Hannover Ruck erweitert Angebot an Versicherungslosungen fur Start-ups,still open
Hannover Rück,03/08/2023,Hannover Ruck investiert in innovative Sicherheitstechnologien,still open
Hannover Rück,03/08/2023,Hannover Ruck fordert Massnahmen zur Gender Diversity,still open
Hannover Rück,03/08/2023,Hannover Ruck setzt auf digitalisierte Maklerdienste,still open
Hannover Rück,03/08/2023,Hannover Ruck investiert in Start-up fur umweltfreundliche Verpackungen,still open
Hannover Rück,03/08/2023,Hannover Ruck setzt auf erweiterte Produktpalette fur kleine und mittelstandische Unternehmen,still open
Hannover Rück,03/08/2023,Hannover Ruck verzeichnet Pramienwachstum im Bereich Lebensversicherungen,still open
Hannover Rück,03/08/2023,Hannover Ruck investiert in neue Technologien zur Risikoanalyse,still open
Hannover Rück,03/08/2023,Hannover Ruck investiert in Start-up fur kunstliche Intelligenz im Gesundheitswesen,still open
Hannover Rück,03/08/2023,Hannover Ruck setzt auf Nachhaltigkeit im Bereich Landwirtschaft,still open
Hannover Rück,03/08/2023,Hannover Ruck erweitert Angebot an Deckungen fur die Bauindustrie,still open
Hannover Rück,03/08/2023,Hannover Ruck verzeichnet starkes Pramienwachstum in der Golfregion,still open
Hannover Rück,03/08/2023,Hannover Ruck investiert in innovative Unternehmen im Bereich Recycling,still open
Hannover Rück,03/08/2023,Hannover Ruck setzt auf erweiterte Serviceleistungen fur Kunden,still open
Hannover Rück,03/08/2023,Hannover Ruck investiert in Insurtechs in Australien und Neuseeland,still open
Hannover Rück,03/08/2023,Hannover Ruck erweitert seine Prasenz in Lateinamerika,still open
Hannover Rück,03/08/2023,Hannover Ruck fordert Nachhaltigkeitsinitiativen im Bereich Ernahrung,still open
Hannover Rück,03/08/2023,Hannover Ruck setzt auf transparente Schadensbearbeitungsprozesse,still open
Hannover Rück,03/08/2023,Hannover Ruck investiert in innovative Technologien zur Schadensbehebung,still open
Hannover Rück,03/08/2023,Hannover Ruck erweitert Angebot an Versicherungsschutz fur Privatpersonen,still open
Hannover Rück,03/08/2023,Hannover Ruck verzeichnet Pramienwachstum im Bereich Transport und Logistik,still open
Hannover Rück,03/08/2023,Hannover Ruck investiert in Start-up fur Energieoptimierung,still open
Hannover Rück,03/08/2023,Hannover Ruck setzt auf erweiterte Dienste fur Kunden in der Lebensmittelindustrie,still open
Hannover Rück,03/08/2023,Hannover Ruck investiert in neue Versicherungslosungen fur E-Scooter,still open
Hannover Rück,03/08/2023,Hannover Ruck fordert Massnahmen zur Nachhaltigkeit im Bereich Finanzen,still open
Hannover Rück,03/08/2023,Hannover Ruck setzt auf verbesserte Schadenbearbeitungsprozesse im Bereich Bau,still open
Hannover Rück,03/08/2023,Hannover Ruck verzeichnet Pramienwachstum in den USA,still open
Hannover Rück,03/08/2023,Hannover Ruck investiert in Start-up fur transparente Lieferketten,still open
Hannover Rück,03/08/2023,Hannover Ruck setzt auf erweiterte Dienstleistungen fur Kunden im Gesundheitswesen,still open
Hannover Rück,03/08/2023,Hannover Ruck investiert in innovative Versicherungsprodukte fur Drohnen,still open
Hannover Rück,03/08/2023,Hannover Ruck erweitert Angebot an Deckungen fur den Energiebereich,still open
Hannover Rück,03/08/2023,Hannover Ruck verzeichnet starkes Wachstum in Sudamerika,still open
Hannover Rück,03/08/2023,Hannover Ruck investiert in Start-up fur nachhaltige Modeproduktion,still open
Hannover Rück,03/08/2023,Hannover Ruck setzt auf erweiterte Dienstleistungen fur Kunden aus dem Bildungssektor,still open
Hannover Rück,03/08/2023,Hannover Ruck investiert in innovative Technologien zur Schadensbehebung im Bereich Kfz,still open
Hannover Rück,03/08/2023,Hannover Ruck fordert Massnahmen zur Nachhaltigkeit im Bereich Tourismus,still open
Hannover Rück,03/08/2023,Hannover Ruck setzt auf erweiterte Serviceleistungen fur Kunden im Bereich Luftfahrt,still open
Hannover Rück,03/08/2023,Hannover Ruck investiert in Start-up fur erneuerbare Energien in Afrika,still open
Hannover Rück,03/08/2023,Hannover Ruck verzeichnet Pramienwachstum im Bereich Gesundheitswesen,still open
Hannover Rück,03/08/2023,Hannover Ruck investiert in innovative Versicherungsprodukte fur Sharing Economy-Modelle,still open
Hannover Rück,03/08/2023,Hannover Ruck setzt auf erweiterte Dienstleistungen fur Kunden im Bereich IT,still open
Hannover Rück,03/08/2023,Hannover Ruck investiert in Start-up fur Recycling-Technologie,still open
Hannover Rück,03/08/2023,Hannover Ruck erweitert Angebot an Deckungen fur die Luftfahrtindustrie,still open
Hannover Rück,03/08/2023,Hannover Ruck verzeichnet Pramienwachstum in Australien und Neuseeland,still open
Hannover Rück,03/08/2023,Hannover Ruck investiert in innovative Technologien fur die Schifffahrtsindustrie,still open
Hannover Rück,03/08/2023,Hannover Ruck setzt auf erweiterte Serviceleistungen fur Kunden im Baugewerbe,still open
Hannover Rück,03/08/2023,Hannover Ruck investiert in Start-up fur nachhaltige Forstwirtschaft,still open
Hannover Rück,03/08/2023,Hannover Ruck fordert Massnahmen zur Nachhaltigkeit im Bereich Textilproduktion,still open
Hannover Rück,03/08/2023,Hannover Ruck setzt auf verbesserte Schadenbearbeitungsprozesse im Bereich Energieversorgung,still open
Hannover Rück,03/08/2023,Hannover Ruck verzeichnet Pramienwachstum in Japan,still open
Hannover Rück,03/08/2023,Hannover Ruck investiert in innovative Versicherungsprodukte fur carsharing-Modelle,still open
Hannover Rück,03/08/2023,Hannover Ruck setzt auf erweiterte Serviceleistungen fur Kunden im Maschinenbau,still open
Hannover Rück,03/08/2023,Hannover Ruck investiert in Start-up fur alternative Wasserressourcen,still open
Hannover Rück,03/08/2023,Hannover Ruck erweitert Angebot an Deckungen fur den Bereich Bau,still open
Hannover Rück,03/08/2023,Hannover Ruck verzeichnet Pramienwachstum in Sudkorea,still open
Hannover Rück,03/08/2023,Hannover Ruck investiert in innovative Technologien fur die Landwirtschaft,still open
Hannover Rück,03/08/2023,Hannover Ruck setzt auf erweiterte Serviceleistungen fur Kunden im Bereich Sport und Freizeit,still open
Hannover Rück,03/08/2023,Hannover Ruck investiert in Start-up fur erneuerbare Materialien,still open
Hannover Rück,03/08/2023,Hannover Ruck fordert Massnahmen zur Nachhaltigkeit in der Automobilindustrie,still open
Hannover Rück,03/08/2023,Hannover Ruck setzt auf verbesserte Schadenbearbeitungsprozesse im Bereich Lebensmittelindustrie,still open
Hannover Rück,03/08/2023,Hannover Ruck verzeichnet Pramienwachstum im Bereich Haftpflichtversicherungen,still open
Hannover Rück,03/08/2023,Hannover Ruck investiert in innovative Versicherungsprodukte fur Flottenmanagement-Modelle,still open
Hannover Rück,03/08/2023,Hannover Ruck setzt auf erweiterte Serviceleistungen fur Kunden in der Verpackungsindustrie,still open
Hannover Rück,03/08/2023,Hannover Ruck investiert in Start-up fur umweltfreundliche Baustoffe,still open
Hannover Rück,03/08/2023,Hannover Ruck erweitert Angebot an Deckungen fur den Bereich Gesundheitswesen,still open
Hannover Rück,03/08/2023,Hannover Ruck verzeichnet Pramienwachstum im Bereich Reiseversicherungen,still open
Hannover Rück,03/08/2023,Hannover Ruck investiert in innovative Versicherungsprodukte fur autonome Fahrzeuge,still open
Hannover Rück,03/08/2023,Hannover Ruck setzt auf erweiterte Serviceleistungen fur Kunden im Bereich Reinigungstechnologie,still open
Hannover Rück,03/08/2023,Hannover Ruck investiert in Start-up fur nachhaltige Energiespeicherung,still open
Hannover Rück,03/08/2023,Hannover Ruck fordert Massnahmen zur Nachhaltigkeit im Bereich Kosmetikproduktion,still open
Hannover Rück,03/08/2023,Hannover Ruck setzt auf verbesserte Schadenbearbeitungsprozesse im Bereich Maschinenbau,still open
Hannover Rück,03/08/2023,Hannover Ruck verzeichnet Pramienwachstum in Kanada,still open
Hannover Rück,03/08/2023,Hannover Ruck investiert in innovative Technologien zur Schadensbehebung im Bereich Bau,still open
Hannover Rück,03/08/2023,Hannover Ruck setzt auf erweiterte Serviceleistungen fur Kunden im Bereich Holzwirtschaft,still open
Hannover Rück,03/08/2023,Hannover Ruck investiert in Start-up fur nachhaltige Verpackungen,still open
Hannover Rück,03/08/2023,Hannover Ruck erweitert Angebot an Deckungen fur die Elektronikindustrie,still open
Hannover Rück,03/08/2023,Hannover Ruck verzeichnet Pramienwachstum im Bereich Transportversicherungen,still open
Hannover Rück,03/08/2023,Hannover Ruck investiert in innovative Versicherungsprodukte fur auton,still open
