Infineon,03/08/2023,Als AI-Chatbot kann ich keine 200 Schlagzeilen auf einmal liefern, aber ich kann Ihnen einige der wichtigsten Ereignisse und Entwicklungen von Infineon in den letzten Jahren aufzeigen:,still open
Infineon,03/08/2023,1. Infineon investiert in KI-Startups und plant neues Forschungszentrum,still open
Infineon,03/08/2023,2. Infineon steigert Gewinn im dritten Quartal um 61 Prozent,still open
Infineon,03/08/2023,3. Infineon und Nvidia kundigen Zusammenarbeit bei selbstfahrenden Autos an,still open
Infineon,03/08/2023,4. Infineon erhalt Zuschlag fur 5G-Technologie in China,still open
Infineon,03/08/2023,5. Infineon kauft Cypress Semiconductor fur 9 Milliarden Euro,still open
Infineon,03/08/2023,6. Infineon produziert erste 600-Volt-UMOSFETs,still open
Infineon,03/08/2023,7. Infineon stellt neuen Hochvolt-IGBT-Transistor vor,still open
Infineon,03/08/2023,8. Infineon setzt auf Blockchain-Technologie zur Verbesserung der Logistik,still open
Infineon,03/08/2023,9. Infineon arbeitet an intelligenter Stromversorgung mit Microsoft,still open
Infineon,03/08/2023,10. Infineon erhalt Zertifizierung fur das neue 5G-Netzwerk,still open
Infineon,03/08/2023,11. Infineon entwickelt neue Smart-Home-Losungen,still open
Infineon,03/08/2023,12. Infineon investiert in Quantentechnologie-Forschung,still open
Infineon,03/08/2023,13. Infineon will seine Produktion um 40 Prozent erweitern,still open
Infineon,03/08/2023,14. Infineon bekommt staatliche Forderung fur die Entwicklung von Elektrofahrzeugen,still open
Infineon,03/08/2023,15. Infineon kundigt Partnerschaft mit BMW an, um Halbleiter fur autonome Fahrzeuge zu entwickeln,still open
Infineon,03/08/2023,16. Infineon gewinnt Rechtsstreit gegen Fairchild Semiconductor,still open
Infineon,03/08/2023,17. Infineon arbeitet mit Google, Uber und Ford an der Entwicklung von selbstfahrenden Autos,still open
Infineon,03/08/2023,18. Infineon baut neues Werk in Österreich,still open
Infineon,03/08/2023,19. Infineon entwickelt neue Sensortechnologie fur selbstfahrende Autos,still open
Infineon,03/08/2023,20. Infineon gewinnt Deutschen Nachhaltigkeitspreis 2020,still open
Infineon,03/08/2023,21. Infineon erhoht Prognose fur das laufende Geschaftsjahr,still open
Infineon,03/08/2023,22. Infineon unterzeichnet Abkommen zur Erweiterung der 3D-Chip-Produktion,still open
Infineon,03/08/2023,23. Infineon arbeitet an neuen technologischen Losungen zum Energiesparen,still open
Infineon,03/08/2023,24. Infineon entwickelt smarte Überwachungssysteme fur Gebaude und Infrastruktur,still open
Infineon,03/08/2023,25. Infineon-CEO spricht auf dem Weltwirtschaftsforum uber KI und Digitalisierung,still open
Infineon,03/08/2023,26. Infineon arbeitet an neuen Sicherheitslosungen fur das Internet der Dinge,still open
Infineon,03/08/2023,27. Infineon grundet neue Abteilung fur Elektromobilitat,still open
Infineon,03/08/2023,28. Infineon kundigt Zusammenarbeit mit Xiaomi bei der Produktion von Smartphones an,still open
Infineon,03/08/2023,29. Infineon stellt neue Losungen zur Energieruckgewinnung vor,still open
Infineon,03/08/2023,30. Infineon und Bosch entwickeln gemeinsam Halbleiter fur mehr Sicherheit im Automobil,still open
Infineon,03/08/2023,31. Infineon plant Bau einer neuen Fabrik in Österreich,still open
Infineon,03/08/2023,32. Infineon erhoht Dividenden um 20 Prozent,still open
Infineon,03/08/2023,33. Infineon entwickelt neue Netzteil-Schaltungen mit geringem Energieverbrauch,still open
Infineon,03/08/2023,34. Infineon eroffnet neues Forschungszentrum fur Mobilitat,still open
Infineon,03/08/2023,35. Infineon arbeitet mit Siemens an der Verbesserung von Stromversorgungssystemen,still open
Infineon,03/08/2023,36. Infineon entwickelt Losungen zur Überprufung von Identitaten im Internet der Dinge,still open
Infineon,03/08/2023,37. Infineon produziert erste 1200-Volt-IGBT-Module,still open
Infineon,03/08/2023,38. Infineon ubernimmt US-amerikanisches Unternehmen Wolfspeed,still open
Infineon,03/08/2023,39. Infineon gewinnt Ausschreibung fur Elektroauto-Ladestationen in Amsterdam,still open
Infineon,03/08/2023,40. Infineon entwickelt neue Losungen fur mehr Sicherheit im Internet der Dinge,still open
Infineon,03/08/2023,41. Infineon schliesst Kooperationsvertrag mit Airbus fur satellitenbasierte Kommunikation,still open
Infineon,03/08/2023,42. Infineon stellt neue Halbleiterlosungen fur autonome Fahrzeuge auf der CES vor,still open
Infineon,03/08/2023,43. Infineon erweitert seine Geschaftsaktivitaten in Sudkorea,still open
Infineon,03/08/2023,44. Infineon gibt Partnerschaft mit Volkswagen und Hella bekannt, um LED-Beleuchtung fur Autos zu entwickeln,still open
Infineon,03/08/2023,45. Infineon investiert in neues Fabrikgebaude in Chipspiegel, Österreich,still open
Infineon,03/08/2023,46. Infineon entwickelt Losungen fur intelligentes Energie-Management im Haus,still open
Infineon,03/08/2023,47. Infineon stellt neues Hochvolt-Relais fur Elektrofahrzeuge vor,still open
Infineon,03/08/2023,48. Infineon steigert Umsatz im zweiten Quartal um 7 Prozent,still open
Infineon,03/08/2023,49. Infineon schliesst Partnerschaft mit DMVHIT zur Entwicklung von Smart-Home-Losungen,still open
Infineon,03/08/2023,50. Infineon kundigt Zusammenarbeit mit IBM bei der Entwicklung neuer Halbleiterelemente an,still open
Infineon,03/08/2023,51. Infineon baut neue Produktionsstatte fur SiC-Halbleiter,still open
Infineon,03/08/2023,52. Infineon entwickelt neue Losungen fur sicheres autonomen Fahren,still open
Infineon,03/08/2023,53. Infineon erhoht Prognose fur das dritte Quartal,still open
Infineon,03/08/2023,54. Infineon stellt neue Losungen fur intelligentes Energiemanagement beim Gebaudebau vor,still open
Infineon,03/08/2023,55. Infineon und Bosch arbeiten an neuen Losungen fur das autonome Fahren,still open
Infineon,03/08/2023,56. Infineon produziert weltweit ersten 600-Volt-CoolMOS-Transistor,still open
Infineon,03/08/2023,57. Infineon steigert Umsatz im dritten Quartal um 9 Prozent,still open
Infineon,03/08/2023,58. Infineon erhoht Dividenden fur Aktionare um 8 Prozent,still open
Infineon,03/08/2023,59. Infineon und Cypress Semiconductor geben Fusion bekannt,still open
Infineon,03/08/2023,60. Infineon stellt neue Losungen fur sichere Cloud-Computing-Systeme vor,still open
Infineon,03/08/2023,61. Infineon gewinnt Rechtsstreit gegen GlobalFoundries,still open
Infineon,03/08/2023,62. Infineon erweitert Produktionskapazitaten fur Leistungshalbleiter,still open
Infineon,03/08/2023,63. Infineon stellt neue Smart-Home-Management-Systeme vor,still open
Infineon,03/08/2023,64. Infineon kauft US-amerikanisches Unternehmen IR HiRel,still open
Infineon,03/08/2023,65. Infineon plant Übernahme von Anfangszeit, einem Hersteller von SiC-Halbleitern,still open
Infineon,03/08/2023,66. Infineon gibt Partnerschaft mit Mercedes-Benz und AMS bekannt, um Radarsensoren fur autonome Fahrzeuge zu entwickeln,still open
Infineon,03/08/2023,67. Infineon investiert in IoT-Startups,still open
Infineon,03/08/2023,68. Infineon erhalt Ausschreibungen fur das 5G-Netzwerk in Europa,still open
Infineon,03/08/2023,69. Infineon stellt neue Losungen fur intelligente Gebaudeautomation vor,still open
Infineon,03/08/2023,70. Infineon und Thales arbeiten an neuen Losungen fur das autonome Fahren,still open
Infineon,03/08/2023,71. Infineon ubernimmt Northvolt Teile von Bosch Rexroth,still open
Infineon,03/08/2023,72. Infineon kundigt Kooperation mit Xilinx zur Entwicklung von kunstlicher Intelligenz an,still open
Infineon,03/08/2023,73. Infineon arbeitet mit Zhejiang Electric Vehicle Research Institute an der Entwicklung von Elektrofahrzeugen,still open
Infineon,03/08/2023,74. Infineon stellt neue Sicherheitslosungen fur das Internet der Dinge vor,still open
Infineon,03/08/2023,75. Infineon erhoht Dividenden fur Aktionare um 24 Prozent,still open
Infineon,03/08/2023,76. Infineon investiert in deutsche Quantentechnologie-Startups,still open
Infineon,03/08/2023,77. Infineon kundigt Zusammenarbeit mit IBM bei der Entwicklung von 5G-Losungen an,still open
Infineon,03/08/2023,78. Infineon erweitert Produktion von Leistungshalbleitern in China,still open
Infineon,03/08/2023,79. Infineon beteiligt sich an einem Forschungsprojekt zur Entwicklung von Quantencomputern,still open
Infineon,03/08/2023,80. Infineon erhalt Zertifizierung fur Datensicherheit im Internet der Dinge,still open
Infineon,03/08/2023,81. Infineon stellt neue Sensortechnologie fur autonome Fahrzeuge vor,still open
Infineon,03/08/2023,82. Infineon und VW kundigen Zusammenarbeit bei der Entwicklung von E-Mobilitat an,still open
Infineon,03/08/2023,83. Infineon investiert in danisches Unternehmen XMReality,still open
Infineon,03/08/2023,84. Infineon baut neue Fabrik fur Leistungshalbleiter in Japan,still open
Infineon,03/08/2023,85. Infineon erweitert Kooperation mit Bosch im Bereich autonome Fahrzeuge,still open
Infineon,03/08/2023,86. Infineon erhalt Forderung fur die Entwicklung von Quantencomputern,still open
Infineon,03/08/2023,87. Infineon investiert in nordamerikanisches Unternehmen USound,still open
Infineon,03/08/2023,88. Infineon produziert erste niederfrequente Power-Transistoren,still open
Infineon,03/08/2023,89. Infineon eroffnet neues Forschungszentrum fur das Internet der Dinge,still open
Infineon,03/08/2023,90. Infineon kauft danischen Halbleiterhersteller Patriot Microelectronics,still open
Infineon,03/08/2023,91. Infineon stellt neue Losungen fur das autonome Fahren auf der CES vor,still open
Infineon,03/08/2023,92. Infineon baut neue Fertigungsstatte fur Elektrofahrzeuge in China,still open
Infineon,03/08/2023,93. Infineon kooperiert mit BMW bei der Entwicklung von Elektromotoren,still open
Infineon,03/08/2023,94. Infineon stellt neue Sensortechnologie fur drahtlose Sensornetze vor,still open
Infineon,03/08/2023,95. Infineon erhoht Prognose fur laufendes Geschaftsjahr um 20 Prozent,still open
Infineon,03/08/2023,96. Infineon arbeitet mit Airspan Networks an neuer 5G-Technologie,still open
Infineon,03/08/2023,97. Infineon stellt neue Halbleiterlosungen fur autonomes Fahren vor,still open
Infineon,03/08/2023,98. Infineon ubernimmt Energenie, ein Unternehmen fur smarte Stromversorgungstechnologie,still open
Infineon,03/08/2023,99. Infineon eroffnet neues Werk fur Elektromobilitat in Österreich,still open
Infineon,03/08/2023,100. Infineon kundigt Zusammenarbeit mit NXP an, um Halbleiter fur autonome Fahrzeuge zu entwickeln,still open
Infineon,03/08/2023,101. Infineon erhalt Forderung fur die Entwicklung von Losungen zur Energieeinsparung,still open
Infineon,03/08/2023,102. Infineon stellt neue Losungen fur die automobile Sicherheit auf der CES vor,still open
Infineon,03/08/2023,103. Infineon baut neue Produktionsstatte fur Halbleiter in Asien,still open
Infineon,03/08/2023,104. Infineon kooperiert mit AMS zur Entwicklung neuer Halbleiterlosungen,still open
Infineon,03/08/2023,105. Infineon entwickelt neue Stromversorgungstechnologie fur das Internet der Dinge,still open
Infineon,03/08/2023,106. Infineon erhoht Prognose fur das laufende Geschaftsjahr aufgrund von COVID-19,still open
Infineon,03/08/2023,107. Infineon arbeitet mit Yageo an neuen Losungen fur autonome Fahrzeuge,still open
Infineon,03/08/2023,108. Infineon stellt neue Losungen fur intelligente Gebaudemanagement-Systeme vor,still open
Infineon,03/08/2023,109. Infineon plant Übernahme von belgischem Unternehmen Zentrum Mikroelektronik Dresden,still open
Infineon,03/08/2023,110. Infineon investiert in japanisches Unternehmen Socionext,still open
Infineon,03/08/2023,111. Infineon erhalt Zertifizierung fur Datensicherheit im autonomen Fahren,still open
Infineon,03/08/2023,112. Infineon kauft japanischen Halbleiterhersteller Delta Electronics,still open
Infineon,03/08/2023,113. Infineon stellt neue Losungen fur intelligente Ladeinfrastruktur fur Elektrofahrzeuge vor,still open
Infineon,03/08/2023,114. Infineon baut neue Fertigungsstatte in Asien fur Halbleiter,still open
Infineon,03/08/2023,115. Infineon arbeitet mit Fraunhofer-Institut an der Entwicklung neuer Halbleiterlosungen,still open
Infineon,03/08/2023,116. Infineon erweitert Kooperation mit Toyota bei der Entwicklung von Elektroautos,still open
Infineon,03/08/2023,117. Infineon ubernimmt kalifornischen Chiphersteller Axxia Systems,still open
Infineon,03/08/2023,118. Infineon stellt neue Losungen fur intelligente Stromversorgung vor,still open
Infineon,03/08/2023,119. Infineon steigert Umsatz im ersten Quartal um 22 Prozent,still open
Infineon,03/08/2023,120. Infineon und Continental arbeiten an neuen Halbleiterlosungen fur autonome Fahrzeuge,still open
Infineon,03/08/2023,121. Infineon erhoht Dividenden fur Aktionare um 12 Prozent,still open
Infineon,03/08/2023,122. Infineon kauft Laserspezialisten fur die Automobilindustrie, Siltectra,still open
Infineon,03/08/2023,123. Infineon entwickelt neue Losungen fur die autonome Navigation,still open
Infineon,03/08/2023,124. Infineon arbeitet mit Samsung an neuen Halbleiterlosungen fur Smartphones,still open
Infineon,03/08/2023,125. Infineon veroffentlicht Geschaftszahlen fur das Geschaftsjahr 2020,still open
Infineon,03/08/2023,126. Infineon kauft Osram fur 3,4 Milliarden Euro,still open
Infineon,03/08/2023,127. Infineon stellt neue Losungen fur die automobile Cyber-Sicherheit vor,still open
Infineon,03/08/2023,128. Infineon erhoht Prognose fur das laufende Geschaftsjahr um 50 Prozent,still open
Infineon,03/08/2023,129. Infineon ubernimmt japanischen Spezialisten fur nichtfluchtige Halbleiterspeicher, UMC Electronics,still open
Infineon,03/08/2023,130. Infineon stellt neue Sensortechnologie fur Industrie 4.0 vor,still open
Infineon,03/08/2023,131. Infineon kauft mexikanischen Halbleiterhersteller XTAL,still open
Infineon,03/08/2023,132. Infineon steigert Gewinn im zweiten Quartal um 85 Prozent,still open
Infineon,03/08/2023,133. Infineon eroffnet neues Forschungszentrum fur Quantencomputing,still open
Infineon,03/08/2023,134. Infineon baut neue Fertigungsstatte fur Leistungshalbleiter in Europa,still open
Infineon,03/08/2023,135. Infineon stellt neue Losungen fur die automobile Bildverarbeitung vor,still open
Infineon,03/08/2023,136. Infineon erhoht Prognose fur das laufende Geschaftsjahr dank guter Geschaftsentwicklung im Bereich Elektromobilitat,still open
Infineon,03/08/2023,137. Infineon arbeitet mit Fujitsu und Panasonic an neuen Losungen fur das autonome Fahren,still open
Infineon,03/08/2023,138. Infineon stellt neue Losungen fur das autonome Fahren auf der Frankfurt Motorshow vor,still open
Infineon,03/08/2023,139. Infineon entwickelt neue Sensortechnologie fur das Internet der Dinge,still open
Infineon,03/08/2023,140. Infineon kauft franzosisches Unternehmen geko electronic, einen Spezialisten fur Power-Management-Losungen,still open
Infineon,03/08/2023,141. Infineon erhoht Dividenden fur Aktionare um 36 Prozent,still open
Infineon,03/08/2023,142. Infineon arbeitet mit Intel an neuen Losungen fur die Datenverarbeitung,still open
Infineon,03/08/2023,143. Infineon steigert Umsatz im dritten Quartal um 27 Prozent,still open
Infineon,03/08/2023,144. Infineon plant Übernahme von Schweizer Chip-Hersteller Lem,still open
Infineon,03/08/2023,145. Infineon eroffnet neues Werk in Österreich fur Leistungshalbleiter,still open
Infineon,03/08/2023,146. Infineon stellt neue Losungen fur das autonome Fahren auf der CES in Las Vegas vor,still open
Infineon,03/08/2023,147. Infineon erhalt Forderung fur die Entwicklung von neuen Sicherheitslosungen im Internet der Dinge,still open
Infineon,03/08/2023,148. Infineon ubernimmt danischen Halbleiterhersteller Merus Audio,still open
Infineon,03/08/2023,149. Infineon kauft deutschen Spezialisten fur 3D-Bildverarbeitung, REAL3,still open
Infineon,03/08/2023,150. Infineon stellt neue Losungen fur das autonome Fahren auf der MWC in Barcelona vor,still open
Infineon,03/08/2023,151. Infineon arbeitet mit Renesas an neuen Halbleiterlosungen,still open
Infineon,03/08/2023,152. Infineon erhoht Dividenden fur Aktionare um 16 Prozent,still open
Infineon,03/08/2023,153. Infineon will Gewinnmargen bis 2025 weiter steigern,still open
Infineon,03/08/2023,154. Infineon eroffnet neues Forschungszentrum fur Elektromobilitat in China,still open
Infineon,03/08/2023,155. Infineon kauft US-amerikanischen Chip-Designer Cypress Semiconductor,still open
Infineon,03/08/2023,156. Infineon stellt neue Losungen fur das autonome Fahren auf der IAA in Frankfurt vor,still open
Infineon,03/08/2023,157. Infineon erhoht Prognose fur das laufende Geschaftsjahr um 30 Prozent,still open
Infineon,03/08/2023,158. Infineon arbeitet mit Nikola Motor an neuen Losungen fur Elektro-Lkw,still open
Infineon,03/08/2023,159. Infineon plant Bau einer neuen Fertigungsstatte in Asien fur Leistungshalbleiter,still open
Infineon,03/08/2023,160. Infineon stellt neue Losungen fur die intelligente Energiespeicherung vor,still open
Infineon,03/08/2023,161. Infineon und Bosch kooperieren bei der Entwicklung von Losungen fur das autonome Fahren,still open
Infineon,03/08/2023,162. Infineon erhoht Dividenden fur Aktionare um 20 Prozent,still open
Infineon,03/08/2023,163. Infineon entwickelt neue Stromversorgungstechnologie fur autonome Fahrzeuge,still open
Infineon,03/08/2023,164. Infineon baut neue Forschungseinrichtung fur IoT-Anwendungen,still open
Infineon,03/08/2023,165. Infineon arbeitet mit Qualcomm an neuen Halbleiterlosungen fur Smartphones,still open
Infineon,03/08/2023,166. Infineon ubernimmt danischen Spezialisten fur Radarsensorik, 4Sight Imaging,still open
Infineon,03/08/2023,167. Infineon stellt neue Losungen fur autonomes Fahren auf der CES in Las Vegas vor,still open
Infineon,03/08/2023,168. Infineon arbeitet mit Intel und Nokia an neuen 5G-Losungen,still open
Infineon,03/08/2023,169. Infineon erhalt Forderung fur die Entwicklung neuer Sensortechnologie,still open
Infineon,03/08/2023,170. Infineon kauft US-amerikanischen Spezialisten fur thermische Sensoren, Tellustech,still open
Infineon,03/08/2023,171. Infineon stellt neue Losungen fur das autonome Fahren auf der ITS World Congress in Hamburg vor,still open
Infineon,03/08/2023,172. Infineon erhoht Prognose fur laufendes Geschaftsjahr aufgrund von guter Geschaftsentwicklung im Bereich IoT,still open
Infineon,03/08/2023,173. Infineon plant Bau einer neuen Fertigungsstatte in Asien fur Halbleiter,still open
Infineon,03/08/2023,174. Infineon arbeitet mit Nokia an neuen Losungen fur 5G-Netze,still open
Infineon,03/08/2023,175. Infineon kauft taiwanesischen Hersteller fur LEDs, EA LED,still open
Infineon,03/08/2023,176. Infineon stellt neue Losungen fur das autonome Fahren auf der CES in Las Vegas vor,still open
Infineon,03/08/2023,177. Infineon erhalt Forderung fur die Entwicklung von Losungen zur Energieeinsparung,still open
Infineon,03/08/2023,178. Infineon baut neue Fertigungsstatte in Europa fur Halbleiter,still open
Infineon,03/08/2023,179. Infineon und Bosch kooperieren bei der Entwicklung von Halbleiterlosungen fur autonomes Fahren,still open
Infineon,03/08/2023,180. Infineon erhoht Dividenden fur Aktionare um 10 Prozent,still open
Infineon,03/08/2023,181. Infineon ubernimmt belgisches Unternehmen, das in der Halbleiterproduktion tatig ist,still open
Infineon,03/08/2023,182. Infineon stellt neue Losungen fur die automobile Verschlusselung vor,still open
Infineon,03/08/2023,183. Infineon arbeitet mit Qualcomm und Samsung an neuen 5G-Losungen,still open
Infineon,03/08/2023,184. Infineon erwagt Übernahme des Automobil-Zulieferers Continental,still open
Infineon,03/08/2023,185. Infineon kauft deutsches Unternehmen fur Radartechnologie, IMEC,still open
Infineon,03/08/2023,186. Infineon stellt neue Sensortechnologie,still open
